,Gene
9,CICP27
58,NOC2L
60,PLEKHN1
63,HES4
71,C1orf159
81,SDF4
88,ACAP3
91,INTS11
93,RP5-890O3.9
96,DVL1
111,ATAD3B
118,RP11-345P4.9
119,MIB2
120,MMP23B
123,SLC35E2B
149,PEX10
150,PLCH2
151,RP3-395M20.2
153,PANK4
155,RP3-395M20.12
157,TNFRSF14
159,RP3-395M20.9
160,FAM213B
161,MMEL1
178,RP11-46F15.2
183,RP5-1092A11.2
190,CEP104
192,C1orf174
200,AJAP1
212,RNF207
217,ACOT7
219,ESPN
235,CAMTA1
247,PER3
248,RP3-467L1.4
252,PARK7
279,RP3-477M7.6
285,GPR157
289,H6PD
315,KIF1B
323,PEX14
325,CASZ1
326,RP4-734G22.3
334,EXOSC10
375,TNFRSF1B
450,RP3-467K16.4
452,CTRC
466,PLEKHM2
478,ZBTB17
493,ANO7L1
496,FBXO42
497,SZRD1
498,RP11-430L17.1
518,EIF1AXP1
537,ATP13A2
582,NBL1
610,DDOST
633,ALPL
638,LDLRAD2
675,LUZP1
681,LINC01355
695,ELOA
719,NIPAL3
727,RUNX3
742,TMEM50A
752,MTFR1L
779,SH3BGRL3
780,UBXN11
781,CD52
790,DPPA2P2
799,ARID1A
885,TAF12
934,SERINC2
949,SPOCD1
956,TMEM39B
958,KPNA6
965,EIF3I
970,MARCKSL1
987,S100PBP
995,AK2
999,TRIM62
1002,RP11-415J8.7
1004,RP11-415J8.3
1042,NCDN
1044,TFAP2E
1045,PSMB2
1049,AGO4
1052,AGO3
1084,MEAF6
1100,MTF1
1117,RRAGC
1134,RP11-69E11.4
1136,PABPC4
1155,CAP1
1156,PPT1
1161,RP1-39G22.7
1162,ZMPSTE24
1167,RP1-228H13.2
1169,RP1-228H13.5
1170,RP11-656D10.7
1171,ZFP69
1173,EXO5
1220,PPIH
1222,YBX1
1224,P3H1
1273,RP5-1198O20.4
1284,DMAP1
1288,RNF220
1297,SNORD46
1301,PLK3
1311,HECTD3
1331,CCDC17
1332,GPBP1L1
1336,IPP
1341,PIK3R3
1350,LRRC41
1361,MKNK1
1405,SLC5A9
1427,RP11-183G22.1
1452,RNU6-1281P
1454,OSBPL9
1468,KTI12
1480,CC2D1B
1489,FAM159A
1534,YIPF1
1542,TCEANC2
1544,RP4-758J24.4
1548,MRPL37
1549,SSBP3
1561,PARS2
1569,BSND
1583,RP1-158P9.1
1606,OMA1
1617,RP4-794H19.1
1654,USP1
1672,FOXD3-AS1
1676,ALG6
1677,ITGB3BP
1678,EFCAB7
1681,DLEU2L
1691,CACHD1
1712,LEPROT
1727,MIER1
1737,SERBP1
1744,GADD45A
1785,RP3-333A15.1
1809,FPGT
1831,ACADM
1838,ST6GALNAC3
1856,USP33
1863,NEXN-AS1
1864,NEXN
1875,PTGFR
1892,HNRNPA1P64
1930,SPATA1
1931,CTBS
1940,RP11-33E12.2
1942,C1orf52
1956,ODF2L
1965,RP4-612B15.3
1966,SH3GLB1
1968,SELENOF
1969,HS2ST1
1985,PKN2
1989,RP11-82K18.2
1994,PTGES3P1
1995,GBP2
2041,KIAA1107
2042,RP4-621B10.8
2051,RP4-593M8.1
2069,CCDC18
2083,DNTTIP2
2084,GCLM
2088,MTCO3P21
2096,ARHGAP29
2102,ABCD3
2134,PTBP2
2135,DPYD
2142,RP11-272L13.4
2166,MFSD14A
2168,SASS6
2193,RP11-421L21.2
2194,RP11-421L21.3
2197,S1PR1
2198,RP4-575N6.5
2217,AMY2B
2243,VAV3
2247,SLC25A24
2255,NBPF6
2262,FNDC7
2264,STXBP3
2268,GPSM2
2281,KIAA1324
2282,SARS
2286,SORT1
2289,ATXN7L2
2293,GNAI3
2295,AMPD2
2296,RP5-1160K1.6
2298,GSTM4
2309,RP11-195M16.3
2321,KCNC4
2340,CD53
2342,RP11-96K19.2
2343,LRIF1
2348,CEPT1
2370,RAP1A
2385,WNT2B
2387,ST7L
2388,CAPZA1
2393,RHOC
2408,MAGI3
2411,PHTF1
2412,RP4-730K3.3
2413,RSBN1
2421,HIPK1
2428,RP4-591B8.3
2436,RN7SL432P
2444,TSPAN2
2445,LINC01765
2447,NGF
2460,LINC01649
2461,SLC22A15
2463,MAB21L3
2465,ATP1A1
2503,WDR3
2511,WARS2
2534,LINC00622
2545,NOTCH2
2548,SEC22B
2563,CH17-118O6.3
2565,FCGR1B
2567,RP11-439A17.9
2585,CH17-13I23.3
2607,FCGR1CP
2609,RP5-998N21.4
2618,RP11-14N7.2
2668,POLR3GL
2672,LINC01719
2712,RP6-74O6.2
2721,ABHD17AP1
2741,RP11-495P10.1
2743,RP11-495P10.10
2749,CH17-478G19.2
2771,FCGR1A
2773,RP11-196G18.3
2790,SF3B4
2791,MTMR11
2801,APH1A
2817,MCL1
2818,ENSA
2820,GOLPH3L
2837,PRUNE1
2839,BNIPL
2842,MLLT11
2856,PI4KB
2866,TUFT1
2871,SNX27
2885,RP11-98D18.17
2893,S100A10
2902,RPTN
2996,CRTC2
2999,RP11-422P24.12
3017,HAX1
3022,AQP10
3035,ADAR
3037,PMVK
3045,FLAD1
3051,ADAM15
3054,EFNA1
3058,KRTCAP2
3069,SCAMP3
3075,RUSC1
3079,ASH1L-IT1
3090,DAP3
3094,RP11-101O6.2
3119,CCT3
3126,MEF2D
3147,SH2D2A
3152,ARHGEF11
3160,RP11-71G12.1
3197,OR10R3P
3218,IFI16
3219,AIM2
3227,FCER1A
3248,C1orf204
3262,RP11-226L15.5
3271,PEA15
3287,RP11-404F10.2
3293,CD244
3309,PFDN2
3313,UFC1
3317,B4GALT3
3325,PCP4L1
3335,FCGR2A
3340,FCGR2C
3343,FCGR3B
3344,FCGR2B
3352,ATF6
3353,RP11-456P18.2
3407,RP11-466F5.3
3453,RP3-455J7.3
3457,ADCY10
3491,BLZF1
3496,F5
3497,SELP
3502,METTL18
3503,SCYL3
3538,PFN1P1
3553,PIGC
3566,TNFSF4
3568,RP11-296O14.2
3569,RP11-296O14.3
3582,ZBTB37
3585,RC3H1
3605,KIAA0040
3614,RFWD2
3617,RP11-195C7.1
3632,SEC16B
3647,RALGPS2
3676,TOR1AIP1
3685,LHX4
3692,KIAA1614
3698,MR1
3703,CACNA1E
3707,ZNF648
3711,LINC01344
3718,LINC00272
3719,RGSL1
3722,RNASEL
3724,LINC01686
3728,NPL
3736,LAMC1
3739,NMNAT2
3744,ARPC5
3755,GS1-115G20.1
3757,EDEM3
3758,FAM129A
3762,RNF2
3764,TRMT1L
3765,SWT1
3766,CTA-253N17.1
3776,GS1-204I12.3
3782,TPR
3785,RP11-295K2.3
3831,RGS18
3833,RP11-142L4.2
3848,TROVE2
3888,NEK7
3892,PTPRC
3893,RP11-553K8.5
3915,LINC00862
3919,ZNF281
3922,DDX59
3945,CSRP1
3973,PTPN7
3975,LGR6
3994,KLHL12
3995,HNRNPA1P59
4011,LINC01136
4019,ATP2B4
4031,SOX13
4049,RP11-430C7.4
4050,LRRN2
4051,RP11-430C7.5
4061,DSTYK
4073,CDK18
4098,IKBKE
4100,C1orf147
4105,EIF2D
4121,PFKFB2
4133,RP11-357P18.3
4134,CR2
4135,CR1
4136,RP11-78B10.2
4140,CD46
4150,LINC01717
4193,SLC30A1
4201,LPGAT1
4213,RP11-384C4.6
4227,RP11-338C15.3
4228,BATF3
4230,TATDN3
4286,LYPLAL1
4319,C1orf115
4320,MARC2
4321,MARC1
4322,RNU6ATAC35P
4324,LINC01352
4331,DUSP10
4351,BROX
4356,TLR5
4359,SUSD4
4372,RP11-504P24.3
4385,CNIH4
4395,LBR
4402,SRP9
4407,LEFTY1
4412,NDUFA3P3
4414,RP11-396C23.4
4454,SNAP47
4465,C1orf35
4466,MRPL55
4470,GUK1
4480,TRIM11
4490,RNF187
4517,RP5-1065P14.3
4532,RP4-613A2.1
4547,LINC01737
4560,FAM89A
4569,SPRTN
4570,EGLN1
4573,TSNAX
4575,DISC1
4583,SIPA1L2
4626,RP11-443B7.2
4627,RP11-443B7.1
4635,ARID4B
4638,GGPS1
4654,LYST
4771,ZBTB18
4792,EFCAB2
4823,AHCTF1
4824,ZNF695
4835,RP11-488L18.10
4888,OR2T12
4911,XX-CR54.1
4969,TSSC1
4974,ADI1
5026,LINC00299
5029,LINC01814
5034,KIDINS220
5035,MBOAT2
5043,EIF1P7
5047,ADAM17
5076,NOL10
5155,RP11-542H15.1
5165,SMC6
5182,TTC32
5184,WDR35
5196,PUM2
5249,SF3B6
5250,FAM228B
5256,ITSN2
5263,PTRHD1
5267,DNAJC27
5270,DNAJC27-AS1
5274,POMC
5281,ASXL2
5315,TMEM214
5321,OST4
5330,SLC5A6
5331,ATRAID
5337,MPV17
5341,EIF2B4
5343,ZNF513
5344,PPM1G
5373,PLB1
5377,AC097724.3
5402,LCLAT1
5404,CAPN13
5406,GALNT14
5407,AC009305.1
5423,SPAST
5425,SLC30A6
5428,NLRC4
5429,YIPF4
5477,STRN
5485,CEBPZOS
5486,CEBPZ
5488,NDUFAF7
5492,QPCT
5497,AC010878.3
5502,CYP1B1-AS1
5503,RP11-314C9.1
5504,AC009229.6
5506,RP11-314C9.2
5510,ATL2
5530,RP11-173C1.1
5541,SLC8A1-AS1
5543,SLC8A1
5567,FTOP1
5594,PPM1B
5596,SLC3A1
5614,SRBD1
5639,MCFD2
5646,AC073283.4
5649,EPCAM
5659,FBXO11
5664,AC079807.4
5667,FOXN2
5670,PPP1R21
5684,RP11-443F4.1
5725,AC092839.4
5730,RTN4
5768,EIF3FP3
5790,PAPOLG
5824,COMMD1
5827,B3GNT2
5856,UGP2
5862,LINC00309
5863,RP11-547M24.1
5869,AC008074.5
5870,LGALSL
5911,MEIS1
5928,C1D
5933,RP11-474G23.3
5963,GMCL1
5968,ASPRV1
5984,TGFA
6012,ZNF638
6015,DYSF
6043,DUSP11
6053,RP11-711M9.2
6058,MOB1A
6069,AC005041.11
6074,INO80B
6075,WBP1
6076,MOGS
6086,AUP1
6087,HTRA2
6199,RN7SL113P
6203,RN7SL251P
6204,RPSAP22
6212,USP39
6231,MRPL35
6235,CHMP3
6238,RNF103
6257,AC068279.3
6266,RGPD2
6272,KRCC1
6471,RN7SL210P
6473,GPAT2
6479,STARD7-AS1
6481,CIAO1
6556,MITD1
6571,CHST10
6575,PDCL3
6586,TBC1D8
6590,RNF149
6593,CREG2
6600,LINC01127
6602,IL1R1
6605,FAM183DP
6607,IL18R1
6608,SDR42E1P5
6609,IL18RAP
6611,AC007278.2
6612,AC007278.3
6613,SLC9A4
6657,C2orf49
6660,NCK2
6680,EEF1A1P12
6712,LIMS1
6749,LINC00116
6770,ACOXL-AS1
6775,RP11-181E10.3
6801,ZC3H8
6802,ZC3H6
6808,POLR1B
6815,NT5DC4
6834,PAX8-AS1
6835,PAX8
6841,LINC01961
6848,RP11-395L14.18
6884,AC009404.2
6912,EPB41L5
6913,MTATP6P26
6915,MTND3P10
6916,MTND4LP14
6918,MTND5P28
6920,TMEM185B
6921,RALB
6923,INHBB
6934,CLASP1
6937,NIFK-AS1
6942,TSN
6971,BIN1
6981,IWS1
6984,MYO7B
7028,SMPD4
7029,MZT2B
7052,IMP4
7053,PTPN18
7113,AC093838.4
7168,CCNT2
7176,UBXN4
7186,RP11-1193F23.1
7202,RP11-231E19.1
7248,AC016910.1
7249,GTDC1
7281,ORC4
7288,EPC2
7300,MMADHC
7316,NMI
7317,TNFAIP6
7324,STAM2
7329,PRPF40A
7330,ARL6IP6
7411,MARCH7
7417,RBMS1
7422,TANK
7447,GCA
7448,KCNH7
7453,FIGN
7470,GALNT3
7471,AC009495.2
7475,TTC21B-AS1
7479,SCN9A
7500,ABCB11
7501,DHRS9
7502,AC007556.3
7540,AC007969.5
7546,HAT1
7562,MAP3K20
7575,SP3
7585,LINC01305
7588,CIR1
7589,SCRN3
7590,GPR155
7612,LNPK
7629,AC016739.2
7646,AC079305.11
7652,NFE2L2
7684,TTN
7685,RP11-65L3.4
7686,RP11-65L3.2
7690,RP11-171I2.4
7696,SESTD1
7703,CWC22
7710,UBE2E3
7724,SSFA2
7743,RP11-363K21.1
7766,CALCRL
7785,SLC40A1
7787,ASNSD1
7799,HIBCH
7805,RN7SKP179
7820,MYO1B
7822,NABP1
7823,AC098872.3
7824,SDPR
7839,LINC01821
7854,STK17B
7856,HECW2
7862,C2orf66
7873,SF3B1
7876,COQ10B
7902,TYW5
7906,KCTD18
7923,ORC2
7925,FAM126B
7931,RPL17P10
7932,CFLAR
7959,CDK15
8004,CYP20A1
8041,GPR1
8050,ADAM23
8055,AC010731.6
8061,KLF7
8068,AC007879.3
8070,AC007879.5
8073,CREB1
8096,IDH1
8115,KANSL1L
8168,MREG
8170,TMEM169
8174,RP11-566E18.1
8180,SMARCAL1
8183,RPL37A
8212,CXCR2
8213,CXCR1
8218,AAMP
8234,CNOT9
8264,NHEJ1
8283,DNPEP
8301,STK11IP
8303,SLC4A3
8310,AC009310.1
8324,PAX3
8338,ACSL3
8356,FAM124B
8358,CUL3
8377,MFF
8378,TM4SF20
8380,AGFG1
8397,PID1
8411,AC009950.2
8412,RP11-98F19.1
8413,SP110
8417,SP100
8418,RN7SL834P
8424,LINC01907
8425,CAB39
8464,COPS7B
8466,RP11-690I21.2
8469,DIS3L2
8472,AC068134.10
8508,DGKD
8543,ARL4C
8551,AGAP1
8552,AGAP1-IT1
8585,RAMP1
8594,ILKAP
8612,HDAC4
8622,NDUFA10
8629,COPS9
8635,ANKMY1
8639,CAPN10
8640,GPR35
8649,CROCC2
8650,AC104809.4
8651,AC104809.2
8652,SNED1
8660,HDLBP
8666,STK25
8668,BOK
8670,THAP4
8672,ATG4B
8720,IL5RA
8722,CRBN
8726,LRRN1
8769,SRGAP3
8777,THUMPD3-AS1
8783,BRPF1
8793,IL17RE
8835,RP11-169K17.4
8844,SYN2
8850,AC091492.2
8855,MKRN2
8857,CRIP1P1
8858,TMEM40
8871,FBLN2
8879,TMEM43
8880,AC093495.4
8881,XPC
8893,C3orf20
8905,SH3BP5-AS1
8917,BTD
8918,ANKRD28
8958,RAB5A
8975,HMGB1P5
8990,RPL15
8993,THRB
8996,THRB-AS1
9040,AZI2
9077,CMTM6
9081,AC104306.4
9089,CCR4
9095,CRTAP
9127,RP11-640L9.2
9136,LRRFIP2
9144,GOLGA4
9163,RP11-815I22.1
9173,SCN5A
9193,RPSA
9198,EIF1B-AS1
9244,HHATL-AS1
9263,RP11-188P20.3
9277,TCAIM
9278,LINC00694
9279,LINC01988
9280,ZNF445
9284,ZKSCAN7
9286,ZNF660
9288,ZNF197
9293,ZNF502
9323,FLT1P1
9327,CCR2
9349,CCDC12
9360,PTPN23
9370,DHX30
9372,MAP4
9385,FCF1P2
9387,SPINK8
9406,CELSR3
9419,P4HTM
9420,WDR6
9421,DALRD3
9423,NDUFAF3
9427,QRICH1
9429,QARS
9440,C3orf62
9464,UBA7
9472,CTD-2330K9.3
9475,RBM5
9486,SEMA3B-AS1
9487,SEMA3B
9491,NAT6
9495,RASSF1
9509,LINC02019
9533,PARP3
9537,ABHD14B
9561,NISCH
9605,RPS15P5
9619,ERC2-IT1
9624,FAM208A
9647,SLMAP
9650,FLNB
9659,PXK
9687,C3orf14
9707,PSMD6-AS2
9750,EOGT
9752,TMF1
9754,UBA3
9755,ARL6IP5
9776,FOXP1-IT1
9778,RP11-154H23.4
9779,EIF4E3
9781,PROK2
9782,RN7SL271P
9792,RP11-447M4.1
9803,FTH1P23
9804,PPP4R2
9905,CHMP2B
9932,PROS1
9934,ARL13B
9935,HMGN1P7
9938,NSUN3
9994,ST3GAL6
9995,PDLIM1P4
9996,DCBLD2
10009,FILIP1L
10014,TBC1D23
10018,TMEM45A
10044,NFKBIZ
10083,RP11-861A13.3
10084,CD47
10086,IFT57
10146,BTLA
10149,ATG3
10150,SLC35A5
10178,ATP6V1A
10188,RP11-274J15.2
10195,ZBTB20-AS1
10227,B4GALT4
10248,GSK3B
10251,RP11-18H7.1
10253,RN7SL397P
10268,GTF2E1
10286,SLC15A2
10294,WDR5B
10299,PARP9
10300,DTX3L
10304,HSPBAP1
10305,DIRC2
10306,LINC02035
10307,SEMA5B
10325,UMPS
10338,ZNF148
10343,OSBPL11
10364,SLC41A3
10366,RP11-124N2.1
10377,ZXDC
10394,RP11-88I21.1
10417,GATA2
10436,KIAA1257
10437,RP11-723O4.7
10438,RP11-723O4.6
10444,ISY1
10446,CNBP
10467,TMCC1
10470,TMCC1-AS1
10513,RP11-65E22.2
10533,TOPBP1
10554,CEP63
10569,PCCB
10570,STAG1
10575,RP11-102M11.2
10578,RP11-731C17.2
10580,NCK1
10597,ARMC8
10605,PIK3CB
10621,COPB2
10622,RP11-319G6.1
10647,PXYLP1
10653,RASA2
10670,XRN1
10682,PCOLCE2
10685,PAQR9
10689,U2SURP
10717,PLSCR2
10718,RP11-329N15.3
10719,PLSCR1
10743,CPA3
10744,UBQLN4P1
10745,GYG1
10746,HLTF
10771,RNF13
10773,NPM1P29
10778,HNRNPA1P24
10779,RP11-167H9.4
10796,CLRN1-AS1
10797,MINDY4B
10798,RP11-166N6.2
10799,CLRN1
10800,MED12L
10806,P2RY13
10807,P2RY12
10822,MBNL1-AS1
10859,PLCH1
10876,RP11-118D22.3
10897,RP11-550I24.2
10905,SHOX2
10909,RP11-538P18.1
10915,LXN
10920,MFSD1
10924,GPR79
10925,RP11-170K4.2
10926,IQCJ-SCHIP1
10948,SCARNA7
10962,RPL23AP42
11036,SAMD7
11038,RP11-379K17.4
11072,FNDC3B
11077,GHSR
11078,TNFSF10
11081,SLC31A1P1
11086,RNU4-4P
11123,LINC00501
11144,PIK3CA
11174,CCDC39
11206,RP11-225N10.1
11207,ATP11B
11209,RP11-531F16.4
11221,KLHL6
11232,ABCC5
11244,RP11-778D9.4
11245,DVL3
11246,AP2M1
11247,ABCF3
11271,VPS8
11281,SENP2
11287,NMRAL2P
11332,BCL6
11333,RP11-211G3.2
11334,RP11-30O15.1
11339,RP11-430L16.1
11348,TPRG1-AS2
11360,IL1RAP
11384,HRASLS
11434,ACAP2
11437,PPP1R2
11469,ZDHHC19
11470,SLC51A
11478,UBXN7
11494,CEP19
11522,RUBCN
11544,ZNF595
11562,ZNF721
11566,PDE6B
11570,MYL5
11572,PCGF3
11573,RP11-1191J2.4
11574,RP11-440L14.4
11577,CPLX1
11583,IDUA
11584,FGFRL1
11586,RNF212
11591,SPON2
11592,RP11-20I20.4
11610,LETM1
11613,NELFA
11622,MXD4
11636,MFSD10
11637,NOP14-AS1
11642,HTT
11675,RP11-265O12.1
11677,STX18
11686,CYTL1
11687,STK32B
11690,EVC2
11691,EVC
11692,CRMP1
11708,MRFAP1L1
11710,KIAA0232
11711,TBC1D14
11732,SH3TC1
11806,RP11-448G15.3
11845,BOD1L1
11869,FBXL5
11873,RP11-442P12.2
11877,FGFBP2
12037,PGM2
12038,RP11-177C12.5
12039,RP11-177C12.1
12048,LINC01259
12054,TLR10
12055,TLR1
12056,TLR6
12072,UGDH
12074,SMIM14
12097,RBM47
12098,RP11-588L15.2
12101,NSUN7
12102,ARL4AP2
12103,APBB2
12122,TMEM33
12123,DCAF4L1
12124,RP11-814H16.2
12134,RP11-109E24.1
12197,RP11-317G22.2
12249,RPL21P44
12250,RP11-571I18.4
12251,CHIC2
12274,LRRC34P2
12279,TMEM165
12287,EXOC1
12288,RNU6-652P
12289,CEP135
12297,PPAT
12312,REST
12448,RP11-704M14.1
12450,RP11-618I10.1
12465,SULT1B1
12504,ADAMTS3
12531,CXCL5
12558,THAP6
12566,NAAA
12600,CCNG2
12602,CTB-179I1.1
12617,ANXA3
12618,LINC01094
12634,ANTXR2
12652,BIN2P1
12655,HNRNPD
12671,SEC31A
12699,WDFY3
12703,WDFY3-AS2
12706,ARHGAP24
12719,AFF1
12721,KLHL8
12726,HSD17B13
12755,HERC3
12760,FAM13A-AS1
12761,FAM13A
12770,RP11-115D19.2
12797,HPGDS
12853,DAPP1
12855,LAMTOR3
12856,DNAJB14
12867,LINC01218
12868,PPP3CA
12882,MANBA
12884,LRRC37A15P
12885,KRT8P46
12911,RP11-556I14.1
12915,AC004069.2
12916,TET2
12928,INTS12
12947,CYP2U1
12975,PLA2G12A
12982,EGF
13011,C4orf32
13016,TIFA
13017,ALPK1
13018,RTEL1P1
13024,RP11-402J6.3
13025,LARP7
13082,NDST3
13101,USP53
13102,C4orf3
13106,RP11-548H18.2
13107,GTF2IP12
13110,RP11-33B1.1
13112,PDE5A
13123,PRDM5
13126,NDNF
13145,KIAA1109
13162,LINC01091
13202,JADRR
13203,JADE1
13204,SCLT1
13276,SLC7A11
13284,RP11-98O2.1
13288,ELF2
13299,RP11-83A24.2
13300,RP11-83A24.1
13301,RAB33B
13319,ELMOD2
13345,GAB1
13447,AK4P6
13459,FAM160A1
13462,RP11-164P12.5
13481,DKFZP434I0714
13497,KIAA0922
13500,TLR2
13501,RNF175
13502,RP11-153M7.5
13509,RP11-158C21.2
13581,C4orf46
13583,PPID
13644,TMEM192
13645,KLHL2
13647,GK3P
13669,DDX60L
13714,GALNT7
13716,RP11-798M19.3
13717,HMGB2
13723,RP11-489G11.3
13735,FBXO8
13736,CEP44
13739,HPGD
13740,RP11-440I14.2
13741,RP11-440I14.3
13764,VEGFC
13802,DCTD
13832,RP11-290F5.2
13834,IRF2
13841,CASP3
13844,ACSL1
13847,MIR3945HG
13849,LINC01093
13955,SDHA
13976,SPCS2P3
13977,BRD9
13984,SLC12A7
14007,NDUFS6
14011,IRX4
14139,FAM173B
14149,ROPN1L
14151,LINC01513
14152,RPL30P7
14154,LINC02212
14155,LINC02213
14156,RP11-54F2.9
14163,DAP
14182,CTD-2165H16.3
14209,FAM134B
14212,MYO10
14213,RNA5SP179
14218,AC091878.1
14228,LINC02217
14254,RP11-432M8.15
14380,GOLPH3
14409,AMACR
14451,SLC1A3
14454,CTD-2353F22.2
14456,NIPBL
14458,RPS4XP6
14496,FYB
14511,PRKAA1
14515,CARD6
14535,CCDC152
14549,CTD-2035E11.5
14553,RP11-447H19.3
14592,PARP8
14675,IL6ST
14691,C5orf67
14692,AC022431.3
14694,MAP3K1
14704,GPBP1
14725,RP11-266N13.2
14761,IPO11
14766,LRRC70
14790,TRIM23
14798,ERBIN
14806,MAST4
14845,CDK7
14853,MARVELD2
14859,GTF2H2C
14860,RP11-848G14.2
14861,RP11-848G14.5
14865,RP11-98J23.1
14869,RP11-1319K7.1
14873,GTF2H2B
14882,NAIP
14883,GTF2H2
14885,RP11-1280N14.3
14913,TNPO1
14918,FCHO2
14921,TMEM171
14932,BTF3
14934,ANKRA2
14948,ENC1
14950,GFM2
14966,HMGCR
14968,COL4A3BP
14992,IQGAP2
15000,F2RL1
15005,AGGF1
15048,MTX3
15063,ZFYVE16
15064,CTD-2015H6.3
15107,RP11-343L5.2
15109,XRCC4
15144,CTD-2299E8.1
15154,RASA1
15175,CTD-2232E5.2
15187,LYSMD3
15215,FAM172A
15219,RP11-549J18.1
15220,KIAA0825
15224,CTC-303L1.1
15226,SLF1
15227,MCTP1
15245,AC008592.8
15299,CTD-2007H13.1
15324,FAM174A
15327,ST8SIA4
15334,SLCO4C1
15335,RN7SKP68
15341,PAM
15346,C5orf30
15347,CTD-2154H6.1
15366,EFNA5
15381,PJA2
15424,HMGB3P16
15427,APC
15430,SRP19
15437,DCP2
15438,MCC
15450,TRIM36
15452,CTC-428G20.2
15453,PGGT1B
15473,AP3S1
15516,TNFAIP8
15555,CTB-36H16.2
15564,CEP120
15568,CSNK1G3
15571,HMGB1P29
15577,ZNF608
15579,RP11-436H11.5
15609,LMNB1
15657,FNIP1
15671,P4HA2
15675,SLC22A4
15676,AC034220.3
15680,AC116366.5
15686,IL13
15687,IL4
15698,LEAP2
15721,VDAC1
15731,UBE2B
15732,RP11-215P8.2
15737,AC005355.1
15759,MTND4P12
15788,TGFBI
15806,HNRNPA0
15820,BRD8
15825,CDC25C
15827,KDM3B
15860,UBE2D2
15879,PFDN1
15882,SLC4A9
15889,APBB3
15894,HAUS1P1
15902,HARS
15930,CH17-140K24.1
15947,PCDHB11
15956,TAF7
15990,RELL2
15996,KIAA0141
16012,ARHGAP26
16066,JAKMIP2
16085,FBXO38
16090,SH3TC2
16121,CSF1R
16123,PDGFRB
16129,CD74
16130,RPS14
16156,SLC36A1
16183,MFAP3
16185,SAP30L-AS1
16189,SAP30L
16218,HAVCR2
16219,CTB-120L21.1
16263,RNF145
16267,UBLCP1
16269,IL12B
16280,FABP6
16314,MAT2B
16361,SPDL1
16368,LINC01187
16407,RP11-779O18.1
16408,RP11-779O18.2
16410,RP11-779O18.3
16421,CREBRF
16441,CPEB4
16466,RN7SKP148
16475,RP11-826N14.1
16492,HIGD2A
16497,CDHR2
16503,TSPAN17
16518,MXD3
16521,RGS14
16533,DDX41
16536,TMED9
16537,B4GALT7
16547,RP11-1252I4.2
16553,RP11-889L3.1
16566,CLK4
16567,RN7SKP70
16568,ZNF354A
16583,ZNF354C
16584,ADAMTS2
16608,CTC-241N9.1
16609,TBC1D9B
16615,RP11-39H3.2
16639,BTNL8
16640,RPS29P12
16644,BTNL3
16660,RACK1
16664,TRIM52-AS1
16703,FOXC1
16704,GMDS
16713,SERPINB1
16721,NQO2
16738,RP11-506K6.4
16752,RP3-406P24.5
16778,LYRM4
16780,FARS2
16793,LY86-AS1
16796,RP1-80N2.3
16828,SLC35B3
16853,RP11-421M1.8
16855,RNA5SP203
16856,MAK
16859,SYCP2L
16894,SIRT5
16896,RANBP9
16908,RP11-330A16.1
16914,JARID2
16922,RP1-13D10.5
16923,MYLIP
16927,MRPL42P2
16931,ATXN1
16940,FAM8A1
16941,NUP153
16945,KIF13A
16949,KDM1B
16954,RP11-528A10.1
16955,RNF144B
16970,E2F3
16990,PRL
17009,KIAA0319
17010,KRT8P43
17011,TDP2
17012,ACOT13
17014,C6orf62
17020,FAM65B
17021,MTCO2P33
17022,PPIAP29
17024,ASS1P1
17054,U91328.22
17074,LARP1P1
17103,BTN2A1
17104,BTN1A1
17106,HCG11
17135,ZNF391
17181,ZSCAN16
17189,ZSCAN9
17192,ZSCAN26
17197,ZKSCAN3
17274,HLA-F-AS1
17301,HCG9
17316,TRIM26
17334,GNL1
17336,ABCF1
17342,C6orf136
17349,TUBB
17356,LINC00243
17366,HCG21
17377,CCHCR1
17379,POU5F1
17380,PSORS1C3
17381,XXbac-BPG299F13.17
17382,HCG27
17383,XXbac-BPG299F13.14
17417,TNF
17426,BAG6
17430,CSNK2B
17431,LY6G5B
17462,NELFE
17484,RNF5
17498,HLA-DRA
17500,HLA-DRB5
17502,HLA-DRB6
17503,HLA-DRB1
17505,HLA-DQB1
17516,PSMB8-AS1
17517,TAP1
17522,HLA-DMA
17526,HLA-DPA1
17527,HLA-DPB1
17540,RING1
17545,VPS52
17548,WDR46
17561,PHF1
17562,CUTA
17569,BAK1
17585,HMGA1
17587,C6orf1
17592,PACSIN1
17595,C6orf106
17605,ANKS1A
17614,PPARD
17618,MIR7111
17620,TULP1
17623,FKBP5
17624,RP3-340B19.5
17626,RP3-510O8.4
17633,SRPK1
17634,SLC26A8
17635,DPRXP2
17636,MAPK14
17638,MAPK13
17648,STK38
17655,CDKN1A
17660,C6orf89
17663,MTCH1
17708,DAAM2
17709,XXyac-YR38GF2.1
17710,RP11-61I13.3
17716,LINC00951
17718,LRFN2
17728,ADCY10P1
17747,FOXP4
17758,TOMM6
17774,UBR2
17779,GLTSCR1L
17781,C6orf226
17788,PPP2R5D
17794,CUL7
17796,MRPL2
17800,CUL9
17811,ABCC10
17815,TJAP1
17837,C6orf223
17845,SLC29A1
17848,NFKBIE
17879,PLA2G7
17908,MUT
17947,PAQR8
17977,ELOVL5
17991,KLHL31
18041,POM121L14P
18075,PHF3
18076,EYS
18078,RP11-59D5__B.2
18099,LMBRD1
18159,DDX43
18160,MB21D1
18182,TMEM30A
18195,RP11-474L11.5
18267,RWDD2A
18270,PRSS35
18274,CYB5R4
18278,CEP162
18288,KRT18P64
18292,NT5E
18335,ORC3
18340,CNR1
18353,RN7SL336P
18355,PM20D2
18357,GABRR2
18358,TUBB3P1
18359,UBE2J1
18411,UFL1
18432,FBXL4
18437,COQ3
18438,PNISR
18446,PRDM13
18485,ATG5
18491,AIM1
18523,NR2E1
18524,RP3-429G5.5
18538,SUMO2P8
18542,ARMC2
18546,SESN1
18547,RP11-787I22.3
18558,SMPD2
18567,CDC40
18599,TRAF3IP2-AS1
18653,DSE
18657,RP1-93H18.1
18664,FAM26E
18692,SSXP10
18700,MAN1A1
18747,NCOA7
18750,HINT3
18762,RNF146
18763,ECHDC1
18779,PTPRK
18806,ARG1
18807,MED23
18827,MOXD1
18828,STX7
18842,VNN3
18843,VNN2
18844,RP1-55C23.7
18847,RPS12
18864,TBPL1
18901,MTFR2
18911,MAP3K5
18922,IFNGR1
18927,RP11-95M15.2
18955,TXLNB
18976,RP11-137J7.3
18979,VTA1
19006,PLAGL1
19009,SF3B5
19023,RP3-466P17.3
19024,FBXO30
19033,ADGB
19041,STXBP5
19042,RP11-361F15.5
19043,YAP1P1
19060,RP1-111D6.4
19120,AKAP12
19127,ARMT1
19130,ESR1
19146,RGS17
19149,RP11-475C16.1
19174,TIAM2
19176,RP11-477D19.2
19193,TMEM242
19218,DYNLT1
19221,EZR
19240,SOD2
19273,AGPAT4
19322,RP1-167A14.2
19324,FGFR1OP
19402,ABC7-481722F1.2
19407,AC093627.9
19411,AC093627.12
19442,RP11-1246C19.1
19443,INTS1
19447,PSMG3
19455,MAD1L1
19459,NUDT1
19463,EIF3B
19466,CHST12
19468,LFNG
19474,GNA12
19489,AP5Z1
19517,FSCN1
19543,C7orf26
19552,CCZ1B
19563,C1GALT1
19571,RP5-1007H16.1
19664,SNX13
19735,IGF2BP3
19743,CCDC126
19771,AC003090.1
19772,CTA-242H14.1
19773,CTD-2227E11.1
19775,NFE2L3
19778,CBX3
19780,SNX10
19787,SKAP2
19795,HOXA3
19803,HOXA9
19805,HOXA10
19830,CREB5
19832,TRIL
19868,GARS
19882,PPP1R17
19888,AVL9
19896,KBTBD2
19899,FKBP9
19901,NT5C3A
19902,RPS29P14
19934,SEPT7
19952,AC006960.7
19954,AOAH-IT1
19967,GPR141
19969,AC018634.9
19970,NME8
20000,KRT8P20
20012,LINC00265
20018,AC004987.9
20054,BLVRA
20083,DDX56
20084,TMED4
20087,ZMIZ2
20095,RP4-647J21.1
20096,MYO1G
20097,SNHG15
20099,NACAD
20100,TBRG4
20140,HUS1
20169,GRB10
20179,RP4-718N17.2
20183,RP11-598O8.1
20243,SUMF2
20419,TRIM60P18
20425,ZNF680
20431,ZNF107
20436,ZNF138
20440,ZNF273
20457,ZNF92
20471,GUSB
20478,TPST1
20491,GS1-124K5.12
20588,WBSCR22
20651,MDH2
20665,FDPSP2
20667,UPK3B
20677,DTX2P1
20682,SPDYE18
20692,PTPN12
20693,APTR
20694,RSBN1L
20695,TMEM60
20723,SEMA3C
20732,HGF
20770,SLC25A40
20772,ADAM22
20776,STEAP4
20780,KPNA2P2
20798,GTPBP10
20802,CDK14
20803,AC002456.2
20811,MTERF1
20833,SAMD9
20834,SAMD9L
20835,HEPACAM2
20850,BET1
20896,SDHAF3
20913,AC004967.7
20925,NPTX2
20941,CPSF4
20945,ZNF394
20969,ZKSCAN1
20972,COPS6
20977,AP4M1
20978,TAF6
20989,STAG3
20995,PILRB
21013,PCOLCE
21028,SRRT
21035,MUC12
21038,TRIM56
21047,PLOD3
21050,FIS1
21074,PRKRIP1
21125,LINC01004
21152,CTB-111H14.1
21154,CCDC71L
21157,PIK3CG
21160,HBP1
21163,CTB-20D2.1
21178,CTB-13F3.1
21183,THAP5
21220,BMT2
21255,CAPZA2
21293,ING3
21364,AC000374.1
21382,SND1-IT1
21383,LRRC4
21407,RP11-274B21.10
21410,RP11-274B21.9
21421,ATP6V1F
21423,KCP
21427,TNPO3
21429,ODCP
21469,MEST
21476,KLF14
21480,AC016831.6
21481,LINC00513
21484,RP11-138A9.1
21504,AC011625.1
21507,CHCHD3
21509,RP11-371A22.1
21532,TMEM140
21591,RP11-383F6.1
21592,TTC26
21594,RP11-365F18.6
21595,RP11-365F18.1
21597,UBN2
21616,SLC37A3
21624,ADCK2
21659,MGAM
21663,TAS2R38
21664,MGAM2
21666,PRSS58
21697,TRBV7-5
21722,TRBV24-1
21749,TRBJ2-5
21757,TRPV5
21758,C7orf34
21760,OR9A2
21765,TAS2R39
21766,RP11-556I13.2
21767,TAS2R40
21787,OR2R1P
21795,TCAF2
21800,RP11-61L23.2
21819,OR2A13P
21869,RN7SL569P
21878,ZNF425
21891,ZNF777
21893,ZNF767P
21899,RP4-751H13.7
21941,ABCB8
21945,SLC4A2
21946,RP11-148K1.12
21947,FASTK
21948,TMUB1
21949,AGAP3
22024,RBM33
22057,AC005481.5
22072,VIPR2
22088,FBXO25
22122,RP11-378A12.1
22260,RPL10P19
22264,PPP1R3B
22307,AF131215.2
22336,RP11-297N6.4
22387,OR7E10P
22431,ZDHHC2
22486,LZTS1-AS1
22501,DOK2
22506,FAM160B2
22509,REEP4
22512,BMP1
22516,POLR3D
22525,SORBS3
22529,CCAR2
22539,RP11-875O11.1
22541,TNFRSF10B
22544,TNFRSF10C
22556,CTC-756D1.1
22571,ADAMDEC1
22583,RP11-395I14.2
22593,SDAD1P1
22650,INTS9
22660,DUSP4
22670,RP11-489E7.1
22680,RP11-51J9.5
22778,ZNF703
22781,ERLIN2
22786,RAB11FIP1
22791,EIF4EBP1
22823,PLEKHA2
22826,ADAM9
22827,ADAM32
22837,IDO1
22859,GOLGA7
22893,THAP1
22905,RP11-726G23.11
22951,SPIDR
22953,RP11-697N18.4
22957,CEBPD
22958,PRKDC
22997,PCMTD1
23009,RB1CC1
23031,LYPLA1
23051,TMEM68
23053,LYN
23063,PLAG1
23076,RP11-33E15.1
23097,UBXN2B
23099,CYP7A1
23101,SDCBP
23102,NSMAF
23120,RAB2A
23125,CHD7
23135,ASPH
23137,RN7SKP97
23153,GGH
23191,AC084082.3
23202,VCPIP1
23204,SGK3
23216,ARFGEF1
23258,RP11-333A23.4
23301,STAU2
23303,RP11-116B19.2
23306,UBE2W
23311,TMEM70
23313,LY96
23315,RP11-6I2.3
23319,RP1-16A9.1
23325,RP11-730G20.2
23348,PEX2
23353,PKIA-AS1
23396,PAG1
23399,RP11-1149M10.2
23400,RP11-363E6.1
23402,RP11-363E6.4
23422,SNX16
23476,PSKH2
23512,OSGIN2
23513,NBN
23516,LINC00534
23523,NECAB1
23526,TMEM55A
23529,OTUD6B-AS1
23551,CTD-3239E11.2
23552,TRIQK
23562,FAM92A
23563,CTD-2006H14.2
23564,RP11-10N23.2
23565,RBM12B
23595,INTS8
23596,CCNE2
23598,RP11-347C18.1
23599,NDUFAF6
23600,TP53INP1
23606,PLEKHF2
23622,PTDSS1
23625,SDC2
23633,LAPTM4B
23637,RPS23P1
23648,STK3
23652,RNU6-748P
23662,RP11-410L14.2
23663,RP11-410L14.1
23681,SPAG1
23695,PABPC1
23700,RP11-521I2.3
23729,RRM2B
23730,UBR5-AS1
23733,KB-431C1.5
23751,KB-1507C5.4
23754,ATP6V1C1
23755,MTND1P5
23765,RP11-1C8.6
23807,PGAM1P13
23815,EMC2
23825,PKHD1L1
23862,EIF3H
23864,RAD21
23874,EXT1
23901,RP11-760H22.2
23933,FAM83A
23948,FBXO32
23966,TMEM65
24016,CCAT2
24040,GSDMC
24042,FAM49B
24046,RNU7-181P
24063,LRRC6
24064,TMEM71
24065,PHF20L1
24070,SLA
24124,TRAPPC9
24128,PEG13
24130,CHRAC1
24149,CTD-3064M3.3
24162,TSNARE1
24165,ADGRB1
24176,LYPD2
24190,C8orf31
24199,ZNF696
24203,RHPN1-AS1
24205,RP11-909N17.2
24206,MAFA-AS1
24213,RP11-661A12.9
24221,ZNF623
24222,ZNF707
24232,SCRIB
24234,PUF60
24238,EPPK1
24244,SMPD5
24245,OPLAH
24248,EXOSC4
24251,SHARPIN
24252,MAF1
24256,MROH1
24257,BOP1
24260,HSF1
24261,DGAT1
24265,SLC52A2
24266,FBXL6
24268,CPSF1
24274,VPS28
24279,KIFC2
24281,PPP1R16A
24288,C8orf82
24295,ZNF34
24297,RPL8
24300,ZNF7
24302,ZNF250
24304,ZNF252P
24366,PLPP6
24368,CDC37L1
24376,JAK2
24381,MTCO1P11
24384,MTCO3P11
24387,TCF3P1
24388,IGHEP2
24397,PLGRKT
24399,CD274
24400,PDCD1LG2
24444,PTPRD-AS1
24464,LURAP1L
24498,PSIP1
24558,HACD4
24574,IFNA14
24604,CDKN2B
24652,LINGO2
24671,SLC25A6P2
24679,DDX58
24680,TOPORS
24705,CHMP5
24751,RP11-571F15.3
24761,ENHO
24770,GALT
24772,CCL27
24805,TESK1
24812,CCDC107
24819,CREB3
24862,ZCCHC7
24866,GRHPR
24905,CNTNAP3
24906,RBM17P1
24913,RP11-347J14.7
24914,ZNF658B
24923,RP11-204M4.3
24938,FAM95B1
24961,CBWD7
24964,PTGER4P2-CDK2AP2P2
24981,CNTNAP3B
25009,CYP4F60P
25020,FAM74A6
25022,RP11-144A16.8
25029,RP11-101E5.1
25030,CH17-296N19.1
25049,RP11-111F5.2
25069,LINC01410
25084,AQP7P1
25086,BMS1P10
25095,RP11-764K9.1
25097,DUX4L50
25103,SNX18P9
25105,CYP4F25P
25131,BMS1P13
25142,ANKRD20A3
25151,ZNF658
25167,FAM27E3
25179,CBWD3
25188,TMEM252
25191,RP11-274B18.3
25203,APBA1
25206,PTAR1
25215,SMC5
25238,RP11-217F16.1
25255,TRPM6
25264,NMRK1
25276,RP11-214N16.2
25277,PRUNE2
25292,GNAQ
25302,KRT18P24
25347,FRMD3
25360,RP11-575L7.8
25361,RMI1
25370,AGTPBP1
25384,ZCCHC6
25399,CTSL
25444,UNQ6494
25476,SPTLC1
25492,NOL8
25521,RP11-165J3.6
25535,RP11-2B6.2
25544,MFSD14B
25549,FBP1
25575,ERCC6L2
25585,SLC35D2
25608,RP11-498P14.3
25617,TDRD7
25647,TGFBR1
25687,ZNF189
25729,RP11-217B7.3
25731,SLC44A1
25732,FSD1L
25781,FAM206A
25793,RP11-406O23.2
25797,TXN
25816,DNAJC25
25817,GNG10
25818,C9orf84
25819,RP11-430K21.2
25821,UGCG
25834,HSDL2
25836,KIAA1958
25861,RP11-168K11.2
25909,TLR4
25922,CDK5RAP2
25923,MEGF9
25930,PHF19
25933,CNTRL
25934,RAB14
25957,RP11-498E2.9
25983,ZBTB6
25985,RP11-355O1.11
26005,NEK6
26009,ADGRD2
26019,OLFML2A
26028,PRPS1P2
26037,MAPKAP1
26054,ZBTB34
26061,SLC2A8
26066,FAM129B
26074,CDK9
26075,FPGS
26079,AK1
26081,ST6GALNAC6
26088,NAIF1
26092,PTGES2
26095,C9orf16
26096,CIZ1
26104,COQ4
26107,URM1
26109,CERCAM
26138,SH3GLB2
26139,MIGA2
26143,PTPA
26145,IER5L
26146,RP11-247A12.2
26160,NTMT1
26162,ASB6
26166,PTGES
26188,ABL1
26196,RNU6-881P
26205,POMT1
26209,RAPGEF1
26213,MED27
26216,TTF1
26231,GTF3C5
26243,RPL7A
26246,SURF2
26247,SURF4
26252,SLC2A6
26254,ADAMTSL2
26257,DBH
26258,DBH-AS1
26276,COL5A1
26290,OLFM1
26299,MRPS2
26324,DNLZ
26327,SDCCAG3
26328,PMPCA
26342,FAM69B
26354,RABL6
26357,C9orf172
26358,PHPT1
26360,EDF1
26365,FBXW5
26369,PTGDS
26370,LCNL1
26371,C9orf142
26372,CLIC3
26383,MAN1B1
26385,DPP7
26390,ANAPC2
26391,SSNA1
26403,NELFB
26408,EXD3
26411,NSMF
26413,MRPL41
26417,ARRDC1-AS1
26418,EHMT1
26426,TUBBP5
26453,IDI1
26454,WDR37
26474,PFKP
26482,RP11-184A2.3
26483,RP11-184A2.2
26506,RP11-445P17.3
26519,RP11-336A10.4
26540,RP11-414H17.5
26543,RP11-563J2.3
26563,TAF3
26565,GATA3-AS1
26590,CELF2
26597,CELF2-AS1
26601,RP11-138I18.2
26602,ECHDC3
26605,UPF2
26607,DHTKD1
26609,SEC61A2
26611,NUDT5
26613,RP11-186N15.3
26636,BEND7
26656,HSPA14
26659,SUV39H2
26666,OLAH
26667,ACBD7
26677,MINDY3
26688,TRDMT1
26689,VIM-AS1
26694,PRPF38AP2
26696,AC069542.1
26700,TMEM236
26740,RP11-275N1.1
26766,SPAG6
26767,RP11-301N24.3
26780,OTUD1
26793,THNSL1
26812,LINC00202-2
26814,RP13-16H11.8
26815,PDSS1
26818,ABI1
26839,RAB18
26847,MPP7
26869,SVIL-AS1
26870,SVIL
26887,RP11-449I17.9
26897,ZNF438
26898,RP11-330O11.3
26899,DDX10P1
26901,ZEB1-AS1
26912,KIF5B
26913,RPS4XP11
26945,PARD3
26995,ZNF248
27002,ZNF33A
27013,HSD17B7P2
27056,CSGALNACT2
27057,RASGEF1A
27063,ZNF487
27065,RP11-517P14.7
27068,ZNF485
27096,TMEM72
27097,RP11-285G1.9
27099,RASSF4
27101,C10orf25
27117,OR13A1
27119,RP11-67C2.2
27284,IPMK
27289,UBE2D1
27290,TFAM
27322,RP11-120C12.3
27331,NRBF2
27332,JMJD1C
27373,HERC4
27382,PBLD
27407,SRGN
27421,RP11-343J3.2
27432,H2AFY2
27484,MCU
27485,MIR4676
27499,ECD
27504,DNAJC9-AS1
27505,CFAP70
27531,FUT11
27563,VDAC2
27588,KCNMA1-AS1
27604,POLR3A
27646,SFTPD
27672,SH2D4B
27694,CDHR1
27761,KLLN
27762,PTEN
27765,MED6P1
27780,ACTA2-AS1
27782,FAS
27794,IFIT5
27831,TNKS2
27837,CPEB3
27842,MARCH5
27851,EXOC6
27856,CYP26A1
27881,NOC3L
27901,RP11-310E22.4
27907,ENTPD1
27908,ENTPD1-AS1
27909,RP11-429G19.3
27910,CC2D2B
27912,CCNJ
27915,ZNF518A
27919,DNTT
27924,PIK3AP1
27930,LCOR
27932,SLIT1
27934,ARHGAP19
27936,RPL12P27
27946,MMS19
27974,RP11-441O15.3
27984,CUTC
27985,ABCC2
27993,ERLIN1
27994,CHUK
27995,RP11-316M21.7
28008,NDUFB8
28012,SLF2
28014,MRPL43
28018,TWNK
28021,SFXN3
28038,FBXW4
28041,FGF8
28043,MGEA5
28046,C10orf76
28053,ELOVL3
28070,ARL3
28102,NEURL1
28109,SLK
28118,GSTO2
28121,CFAP58-AS1
28122,CFAP58
28152,ADD3
28158,RP11-525A16.4
28162,SMC3
28169,BBIP1
28170,RP11-348N5.9
28172,SHOC2
28186,ZDHHC6
28191,RP11-57H14.4
28194,TCF7L2
28211,CCDC186
28225,FAM160B1
28265,RAB11FIP2
28282,FAM45A
28284,PRDX3
28300,MCMBP
28342,FAM24B
28367,LHPP
28369,FAM53B
28393,UROS
28401,ADAM12
28423,MGMT
28432,CTAGE7P
28450,DPYSL4
28451,STK32C
28453,PWWP2B
28456,C10orf91
28475,TUBGCP2
28477,ZNF511
28482,FUOM
28483,ECHS1
28487,MTG1
28490,SCART1
28530,RP11-326C3.2
28536,IFITM1
28537,RP11-326C3.11
28540,RP11-326C3.14
28541,RP11-326C3.13
28542,RP11-326C3.12
28543,RP11-326C3.15
28544,B4GALNT4
28546,SIGIRR
28549,PTDSS2
28551,RNH1
28553,HRAS
28560,PHRF1
28576,SLC25A22
28579,RPLP2
28580,SNORA52
28585,POLR2L
28588,CHID1
28589,AP2A2
28600,MOB2
28633,IGF2
28640,ASCL2
28642,TSPAN32
28647,TSSC4
28655,CDKN1C
28661,CTC-343N3.1
28695,PGAP2
28709,RP11-23F23.3
28791,OR51B6
28815,TRIM5
28816,TRIM22
28849,RP11-290F24.6
28852,CNGA4
28861,TRIM3
28862,ARFIP2
28870,TAF10
28917,EIF3F
28930,RPL27A
28932,SNORA3B
28941,NRIP3
28963,SBF2
28968,RP11-351I24.3
28969,RP11-351I24.1
28971,AMPD3
28974,RNF141
28976,LYVE1
28977,MRVI1
28978,CTR9
28980,EIF4G2
28981,RP11-685M7.3
28982,ZBED5
29020,BTBD10
29025,FAR1
29050,INSC
29051,snoMBII-202
29052,RP11-531H8.1
29053,RP11-531H8.2
29055,RP11-396O20.2
29086,SERGEF
29116,UEVLD
29137,ZDHHC13
29240,CTD-3012A18.1
29279,PRRG4
29288,HIPK3
29294,CD59
29295,FBXO3
29322,RP1-68D18.4
29356,RP11-63D14.1
29405,ACCS
29407,EXT2
29441,CRY2
29444,PEX16
29446,PHF21A
29471,C11orf49
29483,MADD
29486,MYBPC3
29491,PSMC3
29510,PTPRJ
29692,OR5M8
29793,LPXN
29846,OR10V2P
29847,AP000640.10
29848,STX3
29854,OOSP1
29882,PTGDR2
29884,PRPF19
29885,RP11-881M11.2
29902,TKFC
29906,TMEM216
29907,CPSF7
29924,MYRF
29927,FADS1
29929,FADS3
29956,RP11-864I4.4
29957,EEF1G
29960,MTA2
29961,EML3
29971,UBXN1
29978,POLR2G
29983,TMEM179B
29985,NXF1
29990,RP11-727F15.9
29992,WDR74
30014,HRASLS5
30017,RARRES3
30024,RTN3
30035,COX8A
30036,OTUB1
30049,FKBP2
30050,PPP1R14B
30053,PLCB3
30054,BAD
30055,GPR137
30062,CCDC88B
30073,NRXN2
30074,AP001092.4
30079,MAP4K2
30085,ATG2A
30086,MIR6750
30088,PPP2R5B
30095,SNX15
30097,NAALADL1
30101,VPS51
30103,TM7SF2
30106,FAU
30108,SYVN1
30122,RP11-867O8.5
30123,SLC25A45
30135,SSSCA1
30144,RELA
30148,KRT8P26
30149,RP11-770G2.2
30155,MUS81
30156,EFEMP2
30157,CTSW
30158,FIBP
30160,FOSL1
30199,CTD-3074O7.5
30200,DPP3
30202,ZDHHC24
30207,CCS
30218,RCE1
30242,RPS6KB2
30246,TMEM134
30247,AIP
30249,PITPNM1
30250,CDK2AP2
30256,NDUFV1
30283,NDUFS8
30290,KMT5B
30297,TESMIN
30300,MRPL21
30301,IGHMBP2
30302,RP11-757G1.5
30374,ALG1L9P
30383,RNF121
30385,IL18BP
30386,NUMA1
30395,RP11-807H22.5
30437,RELT
30474,LIPT2
30476,POLD3
30483,RP11-864N7.2
30484,RNF169
30509,GDPD5
30522,RP11-535A19.1
30542,RP11-672A2.4
30554,CAPN5
30563,AQP11
30574,INTS4
30586,RP11-452H21.1
30587,RP11-452H21.2
30665,PICALM
30671,SETP17
30678,ME3
30714,CTSC
30745,RP11-358N4.6
30747,TRIM51BP
30831,C11orf54
30846,ANKRD49
30850,PIWIL4
30868,BUD13P1
30882,CCDC82
30893,RP11-379J13.2
30970,CASP4
30971,CASP5
30972,CASP1
30973,CARD16
31034,ZC3H12C
31144,CADM1
31166,ZPR1
31181,SIDT2
31183,PCSK7
31185,RNF214
31189,CEP164
31200,IL10RA
31234,AP002954.4
31257,VPS11
31261,C2CD2L
31262,HINFP
31267,CBL
31292,OAF
31297,GRIK4
31309,SORL1
31317,RP11-716H6.2
31335,CLMP
31423,FEZ1
31460,ST3GAL4-AS1
31490,FLI1
31509,RP11-567M21.3
31592,RP11-283I3.6
31652,RP11-253E3.1
31669,RP11-320N7.2
31682,RP11-234B24.5
31688,GALNT8
31706,RP3-454B23.1
31728,IFFO1
31733,LPAR5
31744,PTMS
31745,LAG3
31747,CD4
31748,GPR162
31752,USP5
31760,ATN1
31776,C1RL
31786,CD163L1
31788,CD163
31800,NANOG
31802,RP11-277J24.1
31823,FAM90A1
31829,RP11-113C12.4
31832,RPS3AP43
31834,OR7E140P
31840,CLEC4D
31842,CLEC4E
31843,RP11-561P12.5
31844,AICDA
31858,M6PR
31910,CLEC7A
31920,KLRC3
31921,KLRC2
31922,KLRC1
31923,EIF2S3L
31977,LRP6
31988,RP11-253I19.3
31990,CREBL2
32006,RP11-392P7.6
32010,HEBP1
32039,H2AFJ
32040,WBP11
32061,STRAP
32108,PDE3A
32167,LRMP
32196,RP11-283G6.5
32210,RP11-582E3.6
32215,STK38L
32247,RP11-946L16.1
32248,FAR2
32251,RP11-996F15.2
32253,RP11-996F15.6
32254,ERGIC2
32255,OVCH1-AS1
32266,IPO8
32296,ETFBKMT
32297,AMN1
32304,RP11-428G5.4
32307,RP11-428G5.1
32310,KIAA1551
32321,FGD4
32376,RP11-476D10.1
32377,AC079630.2
32378,AC079630.4
32379,LRRK2
32424,PUS7L
32426,IRAK4
32427,TWF1
32450,SCAF11
32454,SLC38A2
32458,RP11-474P2.6
32510,ASB8
32517,RP11-370I10.12
32520,RP11-370I10.10
32525,OR5BK1P
32526,RP11-370I10.11
32532,C12orf54
32550,CACNB3
32568,RP11-386G11.8
32598,BCDIN3D-AS1
32599,BCDIN3D
32610,ASIC1
32611,SMARCD1
32626,DIP2B
32638,HIGD1C
32652,SMAGP
32655,GALNT6
32668,GRASP
32669,NR4A1
32671,ATG101
32681,KRT86
32684,KRT81
32685,RP11-845M18.6
32726,EIF4B
32741,ITGB7
32748,C12orf10
32749,AAAS
32754,PCBP2
32758,TARBP2
32763,ATP5G2
32799,RN7SL390P
32804,COPZ1
32811,ZNF385A
32859,RP11-644F5.15
32862,ITGA7
32895,ESYT1
32899,RP11-977G19.5
32902,NABP2
32904,ANKRD52
32907,CS
32928,ATP5B
32932,NACA
32981,TSPAN31
32991,RP11-571M6.18
32997,RP11-620J15.3
33031,KLF17P1
33032,USP15
33049,AVPR1A
33061,SRGAP1
33077,TBK1
33078,RASSF3
33085,GNS
33088,RPL7P39
33098,MSRB3
33109,RP11-366L20.2
33113,RPL21P18
33118,IRAK3
33119,RBMS1P1
33120,RP11-335I12.2
33121,PDCL3P7
33140,RP11-43N5.1
33151,MDM1
33162,RP11-637A17.2
33168,MDM2
33177,RP11-1143G9.5
33189,RAB3IP
33202,FAHD2P1
33271,BBS10
33272,OSBPL8
33279,ZDHHC17
33286,RP1-97G4.1
33303,PAWR
33305,PPP1R12A
33309,RP11-84G21.1
33322,LIN7A
33326,ACSS3
33384,RP11-13A1.1
33386,RP11-13A1.3
33391,RP11-1109F11.3
33395,GALNT4
33396,POC1B-AS1
33431,RP11-693J15.5
33440,RP11-511B23.2
33444,NACAP3
33455,CRADD
33462,RP11-74K11.1
33463,PLXNC1
33465,RP11-1105G2.4
33470,CEP83-AS1
33479,NDUFA12
33485,CBX3P5
33494,USP44
33504,RP11-256L6.3
33506,RP11-256L6.2
33517,CFAP54
33544,IKBIP
33545,APAF1
33552,RPS4XP1
33597,DRAM1
33638,TXNRD1
33651,WASHC4
33652,APPL2
33663,RP11-651L5.3
33665,TCP11L2
33683,PWP1
33700,FICD
33701,SART3
33703,TMEM119
33705,RP11-689B22.2
33709,SSH1
33716,USP30-AS1
33727,UBE3B
33729,MVK
33731,FAM222A
33740,GIT2
33777,SH2B3
33793,ERP29
33816,RASAL1
33818,DDX54
33825,PLBD2
33826,SDS
33889,TESC
33907,RP11-131L12.3
33941,RPLP0
33944,RP1-278C19.8
33957,GATC
33964,RPL29P24
33992,CAMKK2
33995,RNF34
34000,ORAI1
34003,RHOF
34021,DIABLO
34024,CLIP1
34047,ARL6IP4
34050,RP11-197N18.7
34063,RP11-972P1.8
34065,RILPL1
34082,CCDC92
34096,NCOR2
34185,RP11-21K12.3
34254,RNU6-1017P
34268,NOC4L
34291,P2RX2
34312,ZNF84
34315,ZNF140
34320,ZNF268
34381,MPHOSPH8
34383,PSPC1
34402,IFT88
34428,LINC00539
34429,GRK6P1
34430,GAPDHP52
34432,ZDHHC20
34435,MICU2
34471,PCOTH
34474,SPATA13
34485,PARP4
34508,MTMR6
34538,RP11-428O18.6
34542,RASL11A
34547,MTIF3
34565,PAN3-AS1
34566,PAN3
34573,SLC46A3
34592,RP11-490N5.3
34598,RP11-374F3.5
34599,LINC01058
34601,HMGB1
34630,N4BP2L2
34633,PDS5B
34638,KL
34685,CSNK1A1L
34686,RP11-676B18.2
34687,RP11-676B18.1
34727,MRPS31
34733,ELF1
34735,WBP4
34738,KBTBD6
34739,RP11-74J13.8
34741,KBTBD7
34753,VWA8
34868,ITM2B
34880,PSME2P2
34887,OGFOD1P1
34888,MLNR
34897,ARL11
34898,EBPL
34917,DLEU7
34918,DLEU7-AS1
34929,SERPINE3
34932,INTS6-AS1
34933,RPS4XP16
34941,DHRS12
34943,LINC00282
34944,CCDC70
34950,UTP14C
34957,THSD1
34963,RP11-78J21.4
35061,PCDH9
35081,ZDHHC20P4
35095,DACH1
35153,FBXL3
35177,RNF219
35283,TGDS
35301,DNAJC3-AS1
35302,DNAJC3
35361,CCR12P
35365,TM9SF2
35378,PCCA
35447,TNFSF13B
35449,RNA5SP39
35450,RP11-153I24.5
35451,HCFC2P1
35460,IRS2
35461,RP11-40E6.2
35485,ANKRD10
35514,ATP11A
35541,TMCO3
35542,RP11-230F18.6
35554,LINC00453
35639,OR4H12P
35705,RNASE1
35725,ARHGEF40
35727,TMEM253
35830,TRDC
35900,OR6E1P
35904,OXA1L
35909,REM2
35912,PRMT5
35913,RP11-298I3.1
35914,HAUS4
35915,AJUBA
35918,RP11-298I3.3
35937,PABPN1
35948,ZFHX2-AS1
35952,RP11-66N24.3
35953,AP1G2
35956,DHRS2
35967,CARMIL3
35970,PCK2
35973,PSME1
35976,PSME2
35987,CHMP4A
35993,RABGGTA
35995,NOP9
35998,ADCY4
36006,CMA1
36009,GZMH
36010,GZMB
36077,HEATR5A
36081,DTD2
36116,SNX6
36122,BAZ1A
36124,RP11-73E17.2
36128,SRP54
36199,LINC00639
36202,SEC23A
36207,TRAPPC6B
36217,RP11-1074O12.1
36313,ARF6
36320,VCPKMT
36321,SOS2
36336,NIN
36341,PYGL
36342,ABHD12B
36345,TRIM9
36350,RP11-255G12.2
36356,RP11-102G14.1
36375,RP11-452D12.1
36376,PTGER2
36402,GMFB
36413,LGALS3
36434,CTD-2588E21.1
36435,PELI2
36437,RP11-930O11.3
36438,RP11-930O11.1
36439,TMEM260
36441,RP11-1085N6.2
36454,EXOC5
36469,ACTR10
36472,PSMA3-AS1
36476,ARID4A
36481,KIAA0586
36483,HNRNPCP1
36485,DACT1
36494,JKAMP
36501,PCNX4
36503,SCOCP1
36554,CTD-2302E22.1
36556,WDR89
36589,CHURC1
36592,FNTB
36614,YBX1P1
36654,CTD-2325P2.3
36665,DCAF5
36669,EXD2
36683,RPL7AP6
36703,LINC01269
36708,RP1-292L20.3
36709,PCNX1
36712,PTTG4P
36742,NUMB
36743,RP1-240K6.3
36779,ABCD4
36793,AREL1
36799,DLST
36822,BATF
36842,CYCSP1
36846,VASH1
36852,RN7SKP17
36853,RP11-488C13.4
36856,RP11-7F17.1
36857,IRF2BPL
36858,RP11-7F17.8
36859,RP11-7F17.5
36870,TMED8
36872,SAMD15
36873,NOXRED1
36878,SPTLC2
36887,ADCK1
36912,GTF2A1
36920,SEL1L
36971,KCNK10
36981,TTC8
37036,TRIP11
37048,RP11-862G15.2
37058,BTBD7
37076,IFI27L2
37091,RP11-986E7.2
37093,GSC
37094,RPL15P2
37098,DICER1
37100,DICER1-AS1
37101,CLMN
37113,TCL1B
37127,ATG2B
37128,GSKIP
37134,PAPOLA
37139,VRK1
37141,RP11-907D1.3
37181,DEGS2
37317,DYNC1H1
37322,WDR20
37326,TECPR2
37355,EIF5
37361,CKB
37368,APOPT1
37373,RP11-73M18.7
37380,CTD-2134A5.4
37383,TDRD9
37384,RD3L
37385,RN7SL634P
37414,PLD4
37425,BRF1
37426,BTBD6
37427,PACS2
37432,MTA1
37434,CRIP2
37435,CRIP1
37436,C14orf80
37459,MIR4538
37674,RP11-403B2.7
37757,RP11-603B24.6
37794,RP11-228M15.1
37916,LINC00929
37939,RPL41P2
37962,GOLGA8M
37975,NSMCE3
37999,RNU6-17P
38002,CHRFAM7A
38007,CTD-3092A11.1
38030,MTMR10
38052,ULK4P1
38062,RP11-1000B6.8
38071,FMN1
38081,AVEN
38088,KATNBL1
38090,SLC12A6
38171,RP11-462P6.1
38199,PLCB2
38227,DNAJC17
38229,ZFYVE19
38235,VPS18
38250,CHP1
38259,LTK
38267,MAPKBP1
38286,TMEM87A
38290,ZNF106
38292,SNAP23
38339,SERF2
38347,CASC4
38348,RP11-616K22.1
38357,SPG11
38372,SORD
38394,RP11-519G16.5
38424,MYEF2
38460,ATP8B4
38464,HDC
38470,USP8
38494,GLDN
38549,RAB27A
38551,PIGBOS1
38553,CCPG1
38555,RP11-139H15.6
38564,NEDD4
38596,MYZAP
38603,AQP9
38604,MTCO3P23
38606,RP11-925D8.3
38607,MTND5P32
38611,LIPC-AS1
38614,RP11-50C13.2
38616,ADAM10
38624,MINDY2
38629,SLTM
38632,RNF111
38653,BNIP2
38684,RP11-16B9.1
38715,CA12
38717,AC007950.1
38739,RP11-330L19.2
38763,CLPX
38773,DPP8
38820,C15orf61
38822,MAP2K5
38841,SPESP1
38843,NOX5
38856,RPLP1
38861,RP11-19J5.1
38863,LINC00593
38867,AC011648.1
38874,UACA
38889,HMGB1P6
38908,HEXA
38912,RP11-1007O24.3
38917,RP11-361M10.3
38937,NPTN
38938,NPTN-IT1
38945,LOXL1-AS1
38946,LOXL1
39009,MAN2C1
39015,PTPN9
39033,RN7SL319P
39119,TMED3
39126,RNU6-667P
39129,RP11-38G5.4
39131,ST20
39139,ZFAND6
39151,ABHD17C
39157,RP11-775C24.3
39166,STARD5
39172,CTD-2240J17.4
39185,ADAMTS7P1
39199,CPEB1-AS1
39200,AP3B2
39201,RP11-752G15.4
39207,FSD2
39217,RP11-382A20.6
39263,ALPK3
39281,RNU6-1280P
39332,POLG
39336,MIR9-3HG
39344,KIF7
39367,IDH2
39369,SEMA4B
39372,CIB1
39384,IQGAP1
39393,BLM
39408,AC068831.16
39425,LINC00930
39428,RP11-386M24.9
39429,FAM174B
39436,CTD-2313J17.5
39456,LINC02207
39457,RP11-76E17.4
39462,MCTP2
39501,SPATA8-AS1
39524,FAM169B
39527,IGF1R
39533,RP11-6O2.2
39549,MEF2A
39558,SPATA41
39560,CERS3
39567,ASB7
39576,RP11-66B24.4
39581,RP11-424I19.2
39619,WASH4P
39628,NPRL3
39632,HBZP1
39633,HBM
39639,LUC7L
39641,FAM234A
39642,RGS11
39649,NME4
39655,CAPN15
39663,METTL26
39668,RHOT2
39671,STUB1
39672,JMJD8
39691,LMF1
39711,TPSB2
39712,TPSAB1
39718,TPSP2
39721,UBE2I
39726,GNPTG
39734,CLCN7
39739,TELO2
39757,NME3
39759,EME2
39760,SPSB3
39763,HAGH
39772,NDUFB10
39773,RPS2
39778,TBL3
39780,GFER
39783,ZNF598
39786,SLC9A3R2
39788,TSC2
39800,TRAF7
39802,MLST8
39804,PGP
39805,E4F1
39810,RNPS1
39841,PDPK2P
39852,PRSS33
39853,PRSS41
39878,BICDL2
39879,RP11-473M20.5
39880,MMP25
39881,MMP25-AS1
39893,AJ003147.9
39896,ZNF200
39899,AJ003147.11
39902,TIGD7
39921,DNASE1
39936,GLIS2
39941,CORO7
39947,NMRAL1
39970,PPL
40025,C16orf72
40066,CLEC16A
40080,RP11-485G7.6
40082,CTD-3088G3.4
40086,TXNDC11
40095,COX6CP1
40141,BFAR
40176,KIAA0430
40180,CTB-193M12.5
40218,RP11-1102P22.1
40249,SMG1
40255,COQ7
40268,CCP110
40269,C16orf62
40304,LYRM1
40325,CTB-31N19.3
40327,RNU6-1005P
40328,RNU6-196P
40347,POLR3E
40358,RP11-105C19.1
40370,GGA2
40384,CTD-2385L22.1
40426,LINC02195
40436,IL4R
40437,IL21R
40439,GTF3C1
40463,CLN3
40468,RP11-666O2.2
40476,EIF3C
40486,ATXN2L
40488,TUFM
40494,RABEP2
40496,NFATC2IP
40499,SPNS1
40539,MAZ
40554,TMEM219
40557,INO80E
40576,RP11-347C12.3
40593,SEPHS2
40622,PHKG2
40624,RNF40
40629,BCL7C
40647,PRSS53
40665,ITGAM
40704,ZNF267
40836,UBE2MP1
40905,SHCBP1
40908,RP11-93O14.1
40909,VPS35
40913,MYLK3
40987,CNEP1R1
41033,C16orf97
41061,RP11-44F14.8
41062,RP11-44F14.9
41063,RP11-44F14.10
41064,RBL2
41068,RP11-44F14.6
41069,AKTIP
41100,LPCAT2
41102,CAPNS2
41119,AMFR
41158,RP11-407G23.2
41176,ADGRG5
41178,ADGRG1
41190,CNGB1
41199,CSNK2A2
41285,RP11-403P17.6
41286,CMTM1
41288,RP11-403P17.2
41290,CMTM4
41302,FAM96B
41305,CES4A
41309,C16orf70
41310,B3GNT9
41314,NOL3
41317,E2F4
41354,CENPT
41356,NUTF2
41358,EDC4
41415,SNTB2
41417,VPS4A
41423,CYB5B
41425,NFAT5
41447,DDX19B
41453,FUK
41458,IL34
41461,VAC14
41554,RP11-252A24.2
41555,RP11-252A24.3
41569,WDR59
41571,LDHD
41574,RP11-331F4.1
41597,KARS
41659,MAF
41678,CMC2
41743,TAF1C
41749,WFDC1
41751,RP11-558A11.3
41757,RP11-61F12.1
41758,KLHL36
41759,USP10
41760,CRISPLD2
41761,RP11-254F19.2
41762,RP11-254F19.4
41786,COX4I1
41802,LINC00917
41858,RP11-863P13.3
41863,ZFPM1
41869,MVD
41873,CTU2
41882,APRT
41885,PABPN1L
41892,ACSF3
41898,RP11-46C24.7
41908,SPG7
41911,RPL13
41912,SNORD68
41917,CDK10
41921,VPS9D1
41922,VPS9D1-AS1
41926,TCF25
41990,INPP5K
41995,SCARF1
42015,HIC1
42034,SGSM2
42036,RP1-59D14.5
42066,RP11-64J4.2
42094,NCBP3
42108,SPNS3
42119,ALOX15
42133,PSMB6
42135,PLD2
42136,MINK1
42140,C17orf107
42144,PFN1
42160,ZFP3
42161,ZNF232
42163,USP6
42165,ZNF594
42188,FAM64A
42213,C17orf49
42223,DLG4
42224,CTD-2545G14.4
42225,ACADVL
42231,CTDNEP1
42237,EIF5A
42238,GPS2
42239,NEURL4
42245,PLSCR3
42254,ZBTB4
42257,TNFSF12
42260,SENP3
42261,EIF4A1
42262,SNORD10
42263,CD68
42264,AC113189.5
42265,MPDU1
42269,SAT2
42280,CYB5D1
42282,CHD3
42290,ALOX15B
42301,TMEM107
42311,SLC25A35
42312,RANGRF
42328,CCDC42
42331,PIK3R6
42338,STX8
42347,USP43
42356,GAS7
42372,TMEM220
42373,MAGOH2P
42392,MAP2K4
42419,HS3ST3B1
42441,RN7SL792P
42447,CDRT1
42483,TRPV2
42504,NOS2P4
42507,KRT17P1
42523,PLD6
42534,PEMT
42549,ATPAF2
42552,RP11-384M20.1
42553,GID4
42554,DRG2
42558,ALKBH5
42601,TVP23B
42637,MAPK7
42643,RPS2P46
42670,AKAP10
42707,MEIS3P2
42739,EIF1P5
42746,C17orf51
42810,LGALS9
42858,PIGS
42870,SUPT6H
42874,RPL23A
42887,ERAL1
42890,RP11-20B24.7
42892,DHRS13
42897,SEZ6
42906,CRYBA1
42907,NUFIP2
42912,TAOK1
42915,ABHD15
42916,TP53I13
42917,RP11-68I3.4
42918,GIT1
42922,RP11-68I3.10
42923,SSH2
42945,BLMH
42970,CRLF3
42976,RNU6-298P
42984,RNF135
42993,NF1
42995,OMG
43020,LRRC37B
43028,CTD-2095E4.5
43029,AC090616.2
43030,RHOT1
43048,PSMD11
43059,AC084809.2
43084,LINC01989
43115,RP11-47L3.1
43140,PEX12
43149,TAF15
43167,CCL23
43193,GGNBP2
43195,DHRS11
43250,CISD3
43279,CACNB1
43280,RPL19
43283,FBXL20
43290,AC087491.2
43295,PGAP3
43303,ZPBP2
43309,PSMD3
43312,MED24
43317,RP11-749I16.3
43318,MSL1
43335,IGFBP4
43427,EIF1
43443,NKIRAS2
43454,STAT5B
43470,HSD17B1P1
43475,PSMC3IP
43504,LINC00671
43514,BRCA1
43518,RP11-242D8.1
43521,NBR1
43556,LSM12
43561,C17orf53
43601,EFTUD2
43634,RP11-798G7.8
43636,RP11-798G7.6
43692,NPEPPS
43694,KPNB1
43696,TBX21
43697,OSBPL7
43698,MRPL10
43701,SP6
43717,CBX1
43732,HOXB4
43759,SNF8
43771,GNGT2
43772,ABI3
43809,PDK2
43813,PPP1R9B
43856,TOB1-AS1
43857,RP11-700H6.4
43905,PCTP
43916,RP11-670E13.3
43917,TRIM25
43934,RN7SL449P
43943,VEZF1
43945,RP11-159D12.2
43946,SRSF1
43949,DYNLL2
43979,PPM1E
44010,TUBD1
44011,NDUFB8P2
44030,CA4
44031,FAM106DP
44038,APPBP2
44046,BCAS3
44086,CTD-3035K23.3
44092,RP11-180P8.1
44112,ACE
44127,PSMC5
44167,LRRC37A3
44170,RP11-927P21.1
44171,RP11-927P21.2
44203,RP11-349A8.3
44212,PITPNC1
44244,RP11-120M18.2
44247,PRKAR1A
44263,MAP2K6
44266,RP1-193H18.2
44273,KCNJ2-AS1
44274,KCNJ2
44318,RPL38
44320,TTYH2
44330,CD300LB
44331,CD300C
44333,CD300LD
44338,CTD-2006K23.2
44342,NAT9
44343,TMEM104
44362,NT5C
44371,MIF4GD
44373,SLC25A19
44384,TSEN54
44385,LLGL2
44398,RP11-552F3.4
44410,EVPL
44412,GALR2
44432,CYGB
44433,PRCD
44434,RP11-666A8.7
44435,RP11-666A8.8
44436,RP11-666A8.12
44439,RP11-666A8.13
44441,ST6GALNAC2
44466,SEPT9
44484,TMC6
44488,SYNGR2
44497,LINC01993
44498,AC061992.2
44499,SOCS3
44500,RP11-806H10.4
44501,RN7SL236P
44502,PGS1
44503,DNAH17
44511,USP36
44513,TIMP2
44514,CEP295NL
44546,CARD14
44547,RP11-334C17.5
44563,RPTOR
44577,MIR657
44607,FAAP100
44610,PDE6G
44621,MCRIP1
44625,ARHGDIA
44627,ALYREF
44629,PCYT2
44639,ASPSCR1
44643,DCXR
44646,RFNG
44647,GPS1
44648,DUS1L
44649,FASN
44666,OGFOD3
44676,FOXK2
44705,FAM166AP6
44730,RP11-769O8.3
44743,LINC00470
44758,CBX3P2
44762,LPIN2
44787,DLGAP1-AS2
44863,NDUFV2-AS1
44864,ANKRD12
44867,TWSG1
44869,RALBP1
44871,PPP4R1
44873,PPP4R1-AS1
44875,KRT18P8
44876,RAB31
44884,VAPA
44924,MPPE1
44951,TUBB6
44959,PSMG2
45009,CYP4F35P
45044,ROCK1
45055,ABHD3
45092,C18orf8
45105,CABYR
45106,RP11-799B12.4
45107,OSBPL1A
45178,DSC2
45196,TRAPPC8
45221,KLHL14
45240,ZNF397
45241,ZSCAN30
45243,RP11-158H5.8
45244,RP11-158H5.7
45247,ZNF24
45248,ZNF396
45253,RP11-322E11.3
45264,RPRD1A
45265,SLC39A6
45299,KC6
45304,RP11-115N12.1
45331,PSTPIP2
45332,RN7SKP26
45333,RP11-8H2.1
45338,C18orf25
45345,RP11-687F6.5
45346,PIAS2
45357,RP11-49K24.8
45381,CTIF
45388,SMAD7
45421,CXXC1
45434,SMAD4
45457,POLI
45485,RP11-456O19.5
45593,PHLPP1
45600,VPS4B
45611,SERPINB2
45636,DSEL
45691,NETO1
45692,RP11-713C5.1
45695,RP11-676J15.1
45703,TIMM21
45711,CNDP2
45714,RP11-231E4.3
45715,LINC00909
45744,LINC00683
45745,LINC01927
45786,NFATC1
45828,LINC01002
45843,GZMM
45846,HCN2
45848,POLRMT
45851,RNF126
45860,PTBP1
45866,CFD
45874,WDR18
45877,TMEM259
45883,POLR2E
45884,GPX4
45886,STK11
45888,CBARP
45890,ATP5D
45894,C19orf24
45900,NDUFS7
45904,DAZAP1
45905,RPS15
45924,REXO1
45931,ABHD17A
45936,BTBD2
45943,IZUMO4
45944,AP3D1
45945,DOT1L
45949,SF3A2
45957,SPPL2B
45958,TMPRSS9
45960,LMNB2
45984,ZNF57
45985,AC006277.2
45987,AC006277.3
45990,AES
45994,GNA15
46006,MFSD12
46011,HMG20B
46013,TBXA2R
46016,PIP5K1C
46019,APBA3
46023,RAX2
46033,EEF2
46035,ZBTB7A
46037,MAP2K2
46043,CCDC94
46044,SHD
46049,MPND
46053,SH3GL1
46064,PLIN4
46065,PLIN5
46066,LRG1
46070,MYDGF
46071,DPP9
46077,TICAM1
46099,DUS3L
46105,NDUFA11
46111,CTC-232P5.1
46112,RFX2
46113,CTC-232P5.3
46123,CLPP
46124,ALKBH7
46126,GTF2F1
46131,KHSRP
46136,DENND1C
46138,TUBB4A
46171,C19orf45
46173,MCOLN1
46177,XAB2
46184,MCEMP1
46199,MAP2K7
46202,SNAPC2
46206,ELAVL1
46214,NDUFA7
46215,RPS28
46221,RAB11B
46225,HNRNPM
46227,ZNF414
46241,CTD-2529P6.3
46265,ZNF559
46280,RPS4XP22
46293,PIN1
46300,C19orf66
46301,CTD-2240E14.4
46307,EIF3G
46309,S1PR2
46323,CDC37
46324,PDE4A
46327,S1PR5
46348,YIPF2
46349,TIMM29
46350,SMARCA4
46358,CTC-510F12.2
46364,RAB3D
46373,PRKCSH
46377,ECSIT
46382,ELOF1
46392,ZNF441
46397,ZNF439
46398,AC020951.1
46400,ZNF700
46401,CTD-2006C1.12
46402,ZNF763
46408,ZNF844
46410,ZNF788
46411,ZNF20
46418,ZNF44
46422,ZNF442
46424,CTD-3105H18.4
46425,ZNF799
46426,ZNF443
46428,ZNF709
46434,ZNF564
46440,RPL10P16
46441,MAN2B1
46442,WDR83
46443,WDR83OS
46444,DHPS
46448,TNPO2
46451,ASNA1
46466,GCDH
46470,FARSA
46472,CALR
46474,RAD23A
46475,GADD45GIP1
46482,TRMT1
46490,CCDC130
46493,C19orf53
46505,CC2D1A
46514,EEF1DP1
46517,SAMD1
46524,CTD-2189E23.1
46529,DDX39A
46530,PKN1
46532,PTGER1
46533,GIPC1
46536,TECR
46544,ZNF333
46577,AKAP8L
46580,WIZ
46581,RASAL3
46592,CYP4F12
46602,LINC01835
46606,LLNLF-158E9.1
46630,CTD-2013N17.7
46640,SLC35E1
46651,TMEM38A
46669,USE1
46673,BABAM1
46705,INSL3
46706,JAK3
46707,RPL18A
46708,AC005796.2
46710,CCDC124
46718,IL12RB1
46720,PIK3R2
46726,KIAA1683
46727,JUND
46736,SSBP4
46744,KXD1
46746,UBA52
46748,C19orf60
46758,DDX49
46763,ARMC6
46781,NDUFA13
46789,ATP13A1
46790,ZNF101
46793,ZNF14
46801,BNIP3P9
46802,ZNF253
46805,ZNF93
46809,ZNF682
46813,ZNF90
46814,AC006539.2
46818,CTC-260E6.6
46819,ZNF486
46820,BNIP3P16
46838,ZNF737
46841,ZNF626
46846,ZNF66
46849,ZNF85
46853,ZNF430
46859,ZNF431
46871,ZNF493
46872,CTD-2561J22.5
46874,ZNF429
46875,BNIP3P26
46888,ZNF43
46928,ZNF492
46938,ZNF723P
46960,ZNF91
46972,ZNF681
46973,RP11-255H23.2
46974,BNIP3P39
46983,ZNF254
46984,CTD-2017D11.1
46985,CTD-2017D11.2
46986,BNIP3P40
46987,CTD-2027I19.3
46988,CTD-2027I19.2
46995,CTC-459F4.6
47020,LINC00906
47034,PLEKHF1
47071,AC007773.2
47072,DPY19L3
47082,TDRD12
47089,FAAP24
47106,PEPD
47110,KCTD15
47135,ZNF302
47137,ZNF181
47143,CTC-523E23.5
47157,SCN1B
47158,HPN
47166,FXYD5
47172,USF2
47176,U62631.5
47182,LINC01531
47183,RN7SL491P
47184,AC002511.2
47185,AC002511.3
47186,FFAR2
47192,TMEM147
47199,RBM42
47200,ETV2
47208,U2AF1L4
47223,NFKBID
47224,AD000864.6
47225,HCST
47240,POLR2I
47242,AD001527.4
47243,CAPNS1
47254,ZFP82
47263,ZNF382
47274,ZNF829
47281,ZNF585A
47283,ZNF585B
47288,CTD-3220F14.3
47300,ZNF540
47302,ZNF781
47304,ZNF607
47317,DPF1
47325,PSMD8
47335,EIF3K
47339,CTD-2540F13.2
47344,ECH1
47346,HNRNPL
47350,SIRT2
47351,NFKBIB
47353,SARS2
47360,PAK4
47381,PLEKHG2
47382,RPS16
47383,SUPT5H
47384,TIMM50
47406,CLC
47414,PSMC4
47415,ZNF546
47421,MAP3K10
47422,TTC9B
47424,AKT2
47428,C19orf47
47434,SERTAD1
47439,SPTBN4
47447,SNRPA
47453,CYP2F2P
47474,HNRNPUL1
47476,TGFB1
47485,ATP5SL
47507,LYPD4
47509,RPS19
47523,ZNF526
47528,PAFAH1B3
47532,MIR8077
47566,CTC-490G23.2
47567,CD177
47568,CTC-490G23.4
47573,ETHE1
47579,IRGQ
47581,ZNF428
47588,SMG9
47600,RP11-15A1.8
47603,ZNF230
47605,ZNF222
47606,ZNF223
47613,ZNF226
47622,ZNF229
47624,ZNF180
47633,AC092066.1
47634,CEACAM19
47654,ZNF296
47657,PPP1R37
47680,EML2
47689,BHMG1
47693,DMWD
47695,SYMPK
47699,MYPOP
47739,DACT3
47751,AP2S1
47768,NAPA-AS1
47769,NAPA
47779,GLTSCR2
47781,SELENOW
47798,CARD8
47800,CTC-453G23.8
47801,CARD8-AS1
47805,EMP3
47808,KDELR1
47819,RPL18
47828,RASIP1
47842,BAX
47844,FTL
47846,RUVBL2
47886,PIH1D1
47889,RPL13A
47892,RPS11
47903,IRF3
47905,PRMT1
47909,CTB-33G10.1
47912,AP2A1
47918,PTOV1-AS1
47923,PNKP
47925,TBC1D17
47926,IL4I1
47927,NUP62
47932,ZNF473
47948,EMC10
47955,SHANK1
47971,KLK4
47991,CTD-3187F8.15
48013,CLDND2
48014,NKG7
48024,SIGLEC8
48034,ZNF175
48047,FPR2
48049,ZNF577
48055,ZNF613
48057,ZNF350
48065,ZNF616
48070,PPP2R1A
48086,ZNF578
48090,ZNF701
48092,ZNF137P
48098,ZNF28
48107,ZNF816
48115,ZNF347
48117,CTD-2245F17.3
48128,ZNF845
48129,ZNF525
48179,RNU6-980P
48198,SEPT7P8
48209,CACNG8
48210,CACNG6
48215,NDUFA3
48217,PRPF31
48220,LENG1
48223,TSEN34
48227,LILRB3
48240,AC008984.7
48275,KIR2DL3
48281,KIR2DS4
48282,KIR3DL2
48287,NLRP7
48289,NLRP2
48290,CTC-550B14.1
48295,PPP1R12C
48302,SYT5
48304,CTD-2587H24.10
48306,PPP6R1
48310,HSPBP1
48311,BRSK1
48315,COX6B2
48320,TMEM238
48321,RPL28
48322,UBE2S
48328,ZNF628
48339,ZNF580
48340,ZNF581
48342,U2AF2
48353,NLRP4
48384,ZNF667
48392,AC007228.11
48393,ZNF470
48394,SIGLEC31P
48398,ZNF835
48425,ZNF543
48428,ZNF547
48438,ZNF419
48440,ZNF549
48453,ZNF776
48462,ZNF417
48467,ZNF606
48492,A1BG-AS1
48493,CTD-2619J13.5
48499,RPS5
48506,CTD-2619J13.17
48518,TRIM28
48521,UBE2M
48523,MZF1
48537,NRSN2
48538,TRIB3
48541,CSNK2A1
48546,FAM110A
48550,PSMF1
48559,SDCBP2-AS1
48560,RP11-314N13.3
48562,NSFL1C
48563,SIRPB2
48569,SIRPG-AS1
48575,RP4-673D20.3
48576,RP5-968J1.1
48578,SIRPA
48582,STK35
48586,SNRPB
48590,IDH3B
48609,DDRGK1
48610,ITPA
48634,RNF24
48657,TMEM230
48705,TMX4
48727,MKKS
48728,SLX4IP
48858,CRNKL1
48867,RALGAPA2
48896,RPL41P1
48912,RP4-753D10.5
48925,NXT1
48942,CST3
48981,ABHD12
49009,FRG1CP
49016,RARRES2P11
49019,FRG1EP
49024,LINC01597
49025,FRG1BP
49045,HM13
49089,COMMD7
49120,PXMP4
49125,CHMP4B
49157,GGT7
49159,GSS
49168,MMP24-AS1
49179,CEP250
49183,ERGIC3
49215,TGIF2
49220,DSN1
49234,SRC
49244,CTNNBL1
49293,MAFB
49334,IFT52
49344,OSER1-AS1
49355,TTPAL
49356,SERINC3
49358,ADA
49375,PI3
49388,DBNDD2
49389,PIGT
49428,ZNF335
49469,SULF2
49470,CTD-2653D5.1
49494,DDX27
49502,B4GALT5
49514,UBE2V1
49515,TMEM189
49519,CEBPB-AS1
49522,LINC01270
49523,LINC01271
49534,PARD6B
49547,ATP9A
49571,ZNF217
49575,SUMO1P1
49598,RP5-1153D9.5
49599,FAM209A
49600,FAM209B
49628,PMEPA1
49637,PPP4R1L
49639,VAPB
49656,NELFCD
49671,SYCP2
49672,FAM217B
49673,PPP1R3D
49676,RP5-1017F8.2
49686,CDH4
49720,WI2-87327B8.2
49729,NTSR1
49730,RP11-93B14.4
49731,LINC00659
49757,ARFGAP1
49768,PPDPF
49777,RTEL1
49778,TNFRSF6B
49779,ARFRP1
49782,LIME1
49796,UCKL1
49800,SAMD10
49801,PRPF6
49868,CH507-396I9.7
49870,KCNE1B
49955,CYP4F29P
49962,FRG2MP
49970,SAMSN1
50021,C21orf91
50131,LINC00113
50152,BACH1
50232,SNORA80A
50245,C21orf62-AS1
50247,C21orf62
50258,IFNAR2
50260,IL10RB
50261,IFNAR1
50290,KCNE1
50292,CLIC6
50359,KCNJ15
50364,ETS2
50366,AF064858.6
50369,LINC01700
50370,AF064858.8
50371,AF064858.11
50372,AF064858.10
50373,RPL23AP12
50374,PCBP2P1
50404,BACE2
50447,WDR4
50452,PKNOX1
50478,AGPAT3
50486,AP001056.1
50495,PFKL
50496,C21orf2
50503,LRRC3
50506,MTND5P1
50508,AP001065.15
50510,TSPEAR
50511,TSPEAR-AS1
50512,TSPEAR-AS2
50534,SUMO3
50546,SSR4P1
50550,POFUT2
50558,LL21NC02-21A1.1
50569,PCBP3-OT1
50582,LSS
50669,CECR7
50672,IL17RA
50673,AC006946.12
50674,CECR6
50675,LINC01664
50684,CECR2
50702,PEX26
50741,DGCR9
50754,SLC25A1
50761,C22orf39
50776,TXNRD2
50778,COMT
50785,TRMT2A
50788,ZDHHC8
50795,DGCR6L
50809,MED15
50818,TMEM191A
50819,PI4KA
50825,LZTR1
50857,HIC2
50859,PI4KAP2
50863,YDJC
50873,MAPK1
51013,RAB36
51016,RN7SL263P
51026,AP000345.4
51037,RGL4
51041,CHCHD10
51043,SMARCB1
51068,GGT5
51077,AP000355.2
51080,LRRC75B
51110,LRP5L
51130,SEZ6L
51141,HMGB1P10
51142,CRYBB1
51146,CTA-373H7.7
51169,MN1
51181,CTA-292E10.8
51187,KREMEN1
51198,AP1B1
51201,RFPL4AP6
51216,MTMR3
51217,RNU6-331P
51230,GATSL3
51231,TBC1D10A
51233,CCDC157
51234,RNF215
51260,TUG1
51271,LIMK2
51272,RNU6-1128P
51289,PRR14L
51290,DEPDC5
51360,HMOX1
51378,APOL3
51392,RP5-1119A7.14
51393,TXN2
51395,EIF3D
51404,NCF4-AS1
51406,CSF2RB
51407,CSF2RBP1
51411,MPST
51412,KCTD17
51418,C1QTNF6
51425,MFNG
51430,GGA1
51431,SH3BP1
51432,Z83844.1
51439,GCAT
51443,EIF3L
51445,MICALL1
51469,DDX17
51473,CBY1
51476,TOMM22
51477,JOSD1
51480,SUN2
51491,APOBEC3A
51494,APOBEC3C
51498,APOBEC3G
51510,SYNGR1
51530,SGSM3
51551,EP300
51567,ACO2
51571,DESI1
51572,XRCC6
51573,SNU13
51580,RP5-821D11.7
51581,SREBF2
51594,SMDT1
51613,RRP7A
51615,RRP7BP
51625,ARFGAP3
51629,TTLL1
51635,SCUBE1
51649,SAMM50
51653,RP4-671O14.6
51657,KIAA1644
51663,LDOC1L
51668,PRR5
51675,NUP50
51681,UPK3A
51701,PRR34-AS1
51710,TTC38
51725,LINC01644
51771,PANX2
51775,SELENOO
51778,TUBGCP6
51779,HDAC10
51781,MAPK11
51782,PLXNB2
51783,DENND6B
51787,SBF1
51788,ADM2
51790,LMF2
51791,NCAPH2
51816,PLCXD1
51817,GTPBP6
51825,RP11-309M23.1
51827,CRLF2
51831,IL3RA
51832,SLC25A6
51834,ASMTL-AS1
51835,ASMTL
51836,P2RY8
51837,AKAP17A
51838,ASMT
51839,RP13-297E16.4
51845,CD99P1
51847,CD99
51848,XG
51851,ARSD
51853,ARSH
51854,ARSF
51855,RN7SL578P
51861,PRKX
51864,RP11-706O15.1
51865,RP11-706O15.3
51866,RP11-706O15.5
51867,RP11-706O15.7
51877,VCX3A
51880,PUDP
51883,STS
51885,VCX
51887,PNPLA4
51891,VCX3B
51892,ANOS1
51898,FAM9B
51932,GS1-590J6.3
51934,MSL3
51944,TLR8-AS1
51945,TLR8
51948,RP11-791M20.1
51953,LINC01203
51960,TCEANC
51962,TRAPPC2
51963,OFD1
51972,MOSPD2
51980,BMX
51981,ACE2
51985,CA5BP1
51987,CA5B
51988,ZRSR2
52003,TXLNG
52023,BEND2
52026,CDKL5
52034,PHKA2
52036,ADGRG2
52038,MAP3K15
52041,CXorf23
52042,MAP7D2
52044,EIF1AX
52046,EIF1AX-AS1
52047,RPS6KA3
52085,EIF2S3
52087,ZFX
52088,SUPT20HL2
52108,MAGEB18
52156,CXorf21
52158,FTLP2
52159,GK
52162,GK-AS1
52164,TAB3
52215,RNU6-49P
52224,RPGR
52228,FTLP16
52253,MPC1L
52254,CXorf38
52255,MED14
52257,DPRXP6
52265,USP9X
52269,DDX3X
52271,NYX
52290,PPP1R2P9
52295,MAOA
52300,EFHC2
52302,RRM2P3
52305,FUNDC1
52311,KDM6A
52312,CXorf36
52313,RP11-342D14.1
52315,LINC01204
52316,KRT8P14
52336,ZNF674-AS1
52343,RP2
52349,NDUFB11
52352,UBA1
52353,INE1
52356,RP11-571E6.1
52357,RN7SL785P
52359,ZNF157
52364,LINC01560
52366,ARAF
52367,SYN1
52371,ELK1
52372,UXT
52378,ZNF81
52380,ZNF182
52382,ZNF630
52416,FTSJ1
52418,PORCN
52419,EBP
52420,TBC1D25
52440,PQBP1
52453,GPKOW
52464,CCDC22
52465,FOXP3
52501,DGKK
52502,SHROOM4
52582,RP11-258C19.4
52583,KDM5C
52587,IQSEC2
52591,SMC1A
52593,RIBC1
52594,HSD17B10
52596,RP3-339A18.3
52612,TSR2
52617,MAGED2
52621,APEX2
52627,RP11-266I3.8
52650,UBQLN2
52652,NBDY
52697,MORF4L1P5
52710,RP6-159A1.3
52711,RP6-159A1.4
52712,VSIG4
52713,RP11-30M20.1
52714,EIF4BP9
52715,HEPH
52763,PDZD11
52785,NLGN3
52789,NONO
52792,AL590762.7
52799,GCNA
52820,ERCC6L
52821,RPS4X
52853,TSIX
52854,XIST
52856,JPX
52857,FTX
52860,RPSAP14
52862,RP13-33H18.1
52871,RP3-368A4.6
52955,VDAC1P1
52989,CHM
53016,RP13-348B13.2
53056,RP11-471G13.5
53094,LL0XNC01-131B10.2
53095,XKRX
53112,HNRNPH2
53118,ARMCX6
53127,RP1-232L22__B.1
53139,TCP11X1
53195,MORF4L2-AS1
53233,TBC1D8B
53239,NUP62CL
53248,TSC22D3
53249,NCBP2L
53272,ACSL4
53273,RP1-136J15.1
53282,RGAG1
53301,TRPC5OS
53371,DOCK11
53373,IL13RA1
53374,RP13-128O4.3
53390,SLC25A43
53396,SLC25A5
53401,MIR766
53406,RNF113A
53411,RHOXF1P2
53412,RHOXF1P1
53425,LAMP2
53427,CUL4B
53429,C1GALT1C1
53480,XIAP
53485,STAG2
53491,TEX13D
53492,TENM1
53495,TEX13C
53528,XPNPEP2
53622,FAM127A
53634,ZNF75D
53663,SAGE1
53687,RBMX
53704,FGF13
53711,MCF2
53733,LDOC1
53818,FTH1P8
53848,CXorf40B
53855,MTM1
53856,MTMR1
53907,PNMA5
53911,PNMA6A
53945,IDH3G
53946,SSR4
53949,L1CAM
53958,IRAK1
53971,FLNA
53972,EMD
53974,RPL10
53980,FAM50A
53983,LAGE3
53985,SLC10A3
53987,FAM3A
54009,F8
54015,FUNDC2
54017,BRCC3
54032,TMLHE-AS1
54035,SPRY3
54041,IL9R
54043,WASH6P
54046,SRY
54047,RNASEH2CP1
54049,RPS4Y1
54050,HSFY3P
54051,NAP1L1P2
54052,RP11-414C23.1
54053,ZFY
54054,ZFY-AS1
54056,LINC00278
54064,AC010084.1
54100,TBL1Y
54101,RP11-115H13.1
54103,PRKY
54104,RN7SKP282
54111,TTTY16
54112,RFTN1P1
54119,ZNF736P7Y
54202,MAFIP
54204,SNX18P1Y
54223,ARSEP1
54225,GYG2P1
54227,SHROOM2P1
54229,TTTY15
54230,USP9Y
54231,CDY4P
54232,DDX3Y
54233,CASKP1
54235,TAB3P1
54236,DPPA2P1
54237,UTY
54238,PSMA6P1
54239,TMSB4Y
54240,ANOS2P
54245,NLGN4Y
54260,FAM224B
54333,TTTY14
54334,ZNF839P1
54339,BCORP1
54340,TXLNGY
54341,RP11-576C2.1
54342,RP11-424G14.1
54343,KDM5D
54348,TTTY10
54349,KDM5DP1
54350,EIF1AY
54351,TBL1YP1
54352,RPS4Y2
54356,TMEM167AP1
54357,RP11-65G9.1
54358,TOMM22P1
54359,NEFLP1
54360,AC010086.1
54361,PRORY
54362,RBMY2EP
54570,MT-CO1
54573,MT-CO2
54575,MT-ATP8
54576,MT-ATP6
54581,MT-ND4L
54582,MT-ND4
